-- MySQL dump 10.13  Distrib 8.0.28, for Win64 (x86_64)
--
-- Host: docusign.cnxiwyomkjb2.us-west-1.rds.amazonaws.com    Database: documentsign_live
-- ------------------------------------------------------
-- Server version	8.0.28

/*!40101 SET @OLD_CHARACTER_SET_CLIENT=@@CHARACTER_SET_CLIENT */;
/*!40101 SET @OLD_CHARACTER_SET_RESULTS=@@CHARACTER_SET_RESULTS */;
/*!40101 SET @OLD_COLLATION_CONNECTION=@@COLLATION_CONNECTION */;
/*!50503 SET NAMES utf8 */;
/*!40103 SET @OLD_TIME_ZONE=@@TIME_ZONE */;
/*!40103 SET TIME_ZONE='+00:00' */;
/*!40014 SET @OLD_UNIQUE_CHECKS=@@UNIQUE_CHECKS, UNIQUE_CHECKS=0 */;
/*!40014 SET @OLD_FOREIGN_KEY_CHECKS=@@FOREIGN_KEY_CHECKS, FOREIGN_KEY_CHECKS=0 */;
/*!40101 SET @OLD_SQL_MODE=@@SQL_MODE, SQL_MODE='NO_AUTO_VALUE_ON_ZERO' */;
/*!40111 SET @OLD_SQL_NOTES=@@SQL_NOTES, SQL_NOTES=0 */;
SET @MYSQLDUMP_TEMP_LOG_BIN = @@SESSION.SQL_LOG_BIN;
SET @@SESSION.SQL_LOG_BIN= 0;

--
-- GTID state at the beginning of the backup 
--

SET @@GLOBAL.GTID_PURGED=/*!80000 '+'*/ '';

--
-- Table structure for table `__EFMigrationsHistory`
--

DROP TABLE IF EXISTS `__EFMigrationsHistory`;
/*!40101 SET @saved_cs_client     = @@character_set_client */;
/*!50503 SET character_set_client = utf8mb4 */;
CREATE TABLE `__EFMigrationsHistory` (
  `MigrationId` varchar(150) CHARACTER SET utf8mb4 COLLATE utf8mb4_0900_ai_ci NOT NULL,
  `ProductVersion` varchar(32) CHARACTER SET utf8mb4 COLLATE utf8mb4_0900_ai_ci NOT NULL,
  PRIMARY KEY (`MigrationId`)
) ENGINE=InnoDB DEFAULT CHARSET=utf8mb4 COLLATE=utf8mb4_0900_ai_ci;
/*!40101 SET character_set_client = @saved_cs_client */;

--
-- Dumping data for table `__EFMigrationsHistory`
--

LOCK TABLES `__EFMigrationsHistory` WRITE;
/*!40000 ALTER TABLE `__EFMigrationsHistory` DISABLE KEYS */;
INSERT INTO `__EFMigrationsHistory` VALUES ('20220328054550_init','6.0.1'),('20220408130957_userauth','6.0.1'),('20220418062222_intdailingcode','6.0.1'),('20220421081755_added_userdocumentid','6.0.1'),('20220421142809_added_alternateName_for_documents','6.0.1'),('20220425084805_added_isrecent_column_in_userdocuments','6.0.1');
/*!40000 ALTER TABLE `__EFMigrationsHistory` ENABLE KEYS */;
UNLOCK TABLES;

--
-- Table structure for table `category`
--

DROP TABLE IF EXISTS `category`;
/*!40101 SET @saved_cs_client     = @@character_set_client */;
/*!50503 SET character_set_client = utf8mb4 */;
CREATE TABLE `category` (
  `id` bigint NOT NULL AUTO_INCREMENT,
  `name` longtext CHARACTER SET utf8mb4 COLLATE utf8mb4_0900_ai_ci,
  `photo_path` longtext CHARACTER SET utf8mb4 COLLATE utf8mb4_0900_ai_ci,
  `is_deleted` tinyint(1) NOT NULL,
  `is_primary` tinyint(1) NOT NULL,
  PRIMARY KEY (`id`)
) ENGINE=InnoDB AUTO_INCREMENT=9 DEFAULT CHARSET=utf8mb4 COLLATE=utf8mb4_0900_ai_ci;
/*!40101 SET character_set_client = @saved_cs_client */;

--
-- Dumping data for table `category`
--

LOCK TABLES `category` WRITE;
/*!40000 ALTER TABLE `category` DISABLE KEYS */;
INSERT INTO `category` VALUES (1,'Business','https://document-blockchain.s3.ap-south-1.amazonaws.com/substorage/Documentstorage/35e49b0c-04fc-4635-b934-ff28a3f52d27.png',0,1),(2,'Real Estate','https://document-blockchain.s3.ap-south-1.amazonaws.com/substorage/Documentstorage/72f7f966-f95b-41de-87b3-5ad5ce15f894',0,1),(3,'Family and Personal','https://document-blockchain.s3.ap-south-1.amazonaws.com/substorage/Documentstorage/9430c2be-d506-48b8-87c6-e3736230e93c.png',0,1),(4,'Employment and HR','https://document-blockchain.s3.ap-south-1.amazonaws.com/substorage/Documentstorage/42978633-2e10-4bb8-82c3-b1b7c8bc63c6.png',0,1),(5,'Caleb','https://document-blockchain.s3.ap-south-1.amazonaws.com/substorage/Documentstorage/8f7171bd-ba36-474f-b30f-4a7e56f86fc4.png',1,1),(6,'test 1','https://document-blockchain.s3.ap-south-1.amazonaws.com/substorage/Documentstorage/1f9ff44e-d8a3-4f09-bdb4-eb2fdc56c323.png',1,0),(7,'test 2','https://document-blockchain.s3.ap-south-1.amazonaws.com/substorage/Documentstorage/3aa2ff3f-f7fb-4664-ab7c-25c03265b0c4.png',1,0),(8,'Custom Contract','https://document-blockchain.s3.ap-south-1.amazonaws.com/substorage/Documentstorage/4ef3f46c-419e-4856-93ce-a6bbf44fdef7.png',0,1);
/*!40000 ALTER TABLE `category` ENABLE KEYS */;
UNLOCK TABLES;

--
-- Table structure for table `country`
--

DROP TABLE IF EXISTS `country`;
/*!40101 SET @saved_cs_client     = @@character_set_client */;
/*!50503 SET character_set_client = utf8mb4 */;
CREATE TABLE `country` (
  `id` bigint NOT NULL AUTO_INCREMENT,
  `name` longtext CHARACTER SET utf8mb4 COLLATE utf8mb4_0900_ai_ci,
  `coutry_code` longtext CHARACTER SET utf8mb4 COLLATE utf8mb4_0900_ai_ci,
  PRIMARY KEY (`id`)
) ENGINE=InnoDB AUTO_INCREMENT=250 DEFAULT CHARSET=utf8mb4 COLLATE=utf8mb4_0900_ai_ci;
/*!40101 SET character_set_client = @saved_cs_client */;

--
-- Dumping data for table `country`
--

LOCK TABLES `country` WRITE;
/*!40000 ALTER TABLE `country` DISABLE KEYS */;
INSERT INTO `country` VALUES (3,'Afghanistan','+93'),(4,'Albania','+355'),(5,'Algeria','+213'),(6,'American Samoa','+1-684'),(7,'Andorra, Principality of','+376'),(8,'Angola','+244'),(9,'Anguilla','+1-264'),(10,'Antarctica','+672'),(11,'Antigua and Barbuda','+1-268'),(12,'Argentina','+54'),(13,'Armenia','+374'),(14,'Aruba','+297'),(15,'Australia','+61'),(16,'Austria','+43'),(17,'Azerbaijan or Azerbaidjan (Former Azerbaijan Soviet Socialist Republic)','+994'),(18,'Bahamas, Commonwealth of The','+1-242'),(19,'Bahrain, Kingdom of (Former Dilmun)','+973'),(20,'Bangladesh (Former East Pakistan)','+880'),(21,'Barbados','+1-246'),(22,'Belarus (Former Belorussian [Byelorussian] Soviet Socialist Republic)','+375'),(23,'Belgium','+32'),(24,'Belize (Former British Honduras)','+501'),(25,'Benin (Former Dahomey)','+229'),(26,'Bermuda','+1-441'),(27,'Bhutan, Kingdom of','+975'),(28,'Bolivia','+591'),(29,'Bosnia and Herzegovina','+387'),(30,'Botswana (Former Bechuanaland)','+267'),(31,'Bouvet Island (Territory of Norway)',''),(32,'Brazil','+55'),(33,'British Indian Ocean Territory (BIOT)',''),(34,'Brunei (Negara Brunei Darussalam)','+673'),(35,'Bulgaria','+359'),(36,'Burkina Faso (Former Upper Volta)','+226'),(37,'Burundi (Former Urundi)','+257'),(38,'Cambodia, Kingdom of (Former Khmer Republic, Kampuchea Republic)','+855'),(39,'Cameroon (Former French Cameroon)','+237'),(40,'Canada','+1'),(41,'Cape Verde','+238'),(42,'Cayman Islands','+1-345'),(43,'Central African Republic','+236'),(44,'Chad','+235'),(45,'Chile','+56'),(46,'China','+86'),(47,'Christmas Island','+53'),(48,'Cocos (Keeling) Islands','+61'),(49,'Colombia','+57'),(50,'Comoros, Union of the','+269'),(51,'Congo, Democratic Republic of the (Former Zaire)','+243'),(52,'Congo, Republic of the','+242'),(53,'Cook Islands (Former Harvey Islands)','+682'),(54,'Costa Rica','+506'),(55,'Cote D\'Ivoire (Former Ivory Coast)','+225'),(56,'Croatia (Hrvatska)','+385'),(57,'Cuba','+53'),(58,'Cyprus','+357'),(59,'Czech Republic','+420'),(60,'Czechoslavakia (Former) See CZ Czech Republic or Slovakia',''),(61,'Denmark','+45'),(62,'Djibouti (Former French Territory of the Afars and Issas, French Somaliland)','+253'),(63,'Dominica','+1-767'),(64,'Dominican Republic','+1-809 '),(65,'East Timor (Former Portuguese Timor)','+670'),(66,'Ecuador','+593'),(67,'Egypt (Former United Arab Republic - with Syria)','+20'),(68,'El Salvador','+503'),(69,'Equatorial Guinea (Former Spanish Guinea)','+240'),(70,'Eritrea (Former Eritrea Autonomous Region in Ethiopia)','+291'),(71,'Estonia (Former Estonian Soviet Socialist Republic)','+372'),(72,'Ethiopia (Former Abyssinia, Italian East Africa)','+251'),(73,'Falkland Islands (Islas Malvinas)','+500'),(74,'Faroe Islands','+298'),(75,'Fiji','+679'),(76,'Finland','+358'),(77,'France','+33'),(78,'French Guiana or French Guyana','+594'),(79,'French Polynesia (Former French Colony of Oceania)','+689'),(80,'French Southern Territories and Antarctic Lands',''),(81,'Gabon (Gabonese Republic)','+241'),(82,'Gambia, The','+220'),(83,'Georgia (Former Georgian Soviet Socialist Republic)','+995'),(84,'Germany','+49'),(85,'Ghana (Former Gold Coast)','+233'),(86,'Gibraltar','+350'),(87,'Great Britain (United Kingdom)',''),(88,'Greece','+30'),(89,'Greenland','+299'),(90,'Grenada','+1-473'),(91,'Guadeloupe','+590'),(92,'Guam','+1-671'),(93,'Guatemala','+502'),(94,'Guinea (Former French Guinea)','+224'),(95,'Guinea-Bissau (Former Portuguese Guinea)','+245'),(96,'Guyana (Former British Guiana)','+592'),(97,'Haiti','+509'),(98,'Heard Island and McDonald Islands (Territory of Australia)',''),(99,'Holy See (Vatican City State)',''),(100,'Honduras','+504'),(101,'Hong Kong','+852'),(102,'Hungary','+36'),(103,'Iceland','+354'),(104,'India','+91'),(105,'Indonesia (Former Netherlands East Indies; Dutch East Indies)','+62'),(106,'Iran, Islamic Republic of','+98'),(107,'Iraq','+964'),(108,'Ireland','+353'),(109,'Israel','+972'),(110,'Italy','+39'),(111,'Jamaica','+1-876'),(112,'Japan','+81'),(113,'Jordan (Former Transjordan)','+962'),(114,'Kazakstan or Kazakhstan (Former Kazakh Soviet Socialist Republic)','+7'),(115,'Kenya (Former British East Africa)','+254'),(116,'Kiribati (Pronounced keer-ree-bahss) (Former Gilbert Islands)','+686'),(117,'Korea, Democratic People\'s Republic of (North Korea)','+850'),(118,'Korea, Republic of (South Korea)','+82'),(119,'Kuwait','+965'),(120,'Kyrgyzstan (Kyrgyz Republic) (Former Kirghiz Soviet Socialist Republic)','+996'),(121,'Lao People\'s Democratic Republic (Laos)','+856'),(122,'Latvia (Former Latvian Soviet Socialist Republic)','+371'),(123,'Lebanon','+961'),(124,'Lesotho (Former Basutoland)','+266'),(125,'Liberia','+231'),(126,'Libya (Libyan Arab Jamahiriya)','+218'),(127,'Liechtenstein','+423'),(128,'Lithuania (Former Lithuanian Soviet Socialist Republic)','+370'),(129,'Luxembourg','+352'),(130,'Macau','+853'),(131,'Macedonia, The Former Yugoslav Republic of','+389'),(132,'Madagascar (Former Malagasy Republic)','+261'),(133,'Malawi (Former British Central African Protectorate, Nyasaland)','+265'),(134,'Malaysia','+60'),(135,'Maldives','+960'),(136,'Mali (Former French Sudan and Sudanese Republic)','+223'),(137,'Malta','+356'),(138,'Marshall Islands (Former Marshall Islands District - Trust Territory of the Pacific Islands)','+692'),(139,'Martinique (French)','+596'),(140,'Mauritania','+222'),(141,'Mauritius','+230'),(142,'Mayotte (Territorial Collectivity of Mayotte)','+269'),(143,'Mexico','+52'),(144,'Micronesia, Federated States of (Former Ponape, Truk, and Yap Districts - Trust Territory of the Pacific Islands)','+691'),(145,'Moldova, Republic of','+373'),(146,'Monaco, Principality of','+377'),(147,'Mongolia (Former Outer Mongolia)','+976'),(148,'Montserrat','+1-664'),(149,'Morocco','+212'),(150,'Mozambique (Former Portuguese East Africa)','+258'),(151,'Myanmar, Union of (Former Burma)','+95'),(152,'Namibia (Former German Southwest Africa, South-West Africa)','+264'),(153,'Nauru (Former Pleasant Island)','+674'),(154,'Nepal','+977'),(155,'Netherlands','+31'),(156,'Netherlands Antilles (Former Curacao and Dependencies)','+599'),(157,'New Caledonia','+687'),(158,'New Zealand (Aotearoa)','+64'),(159,'Nicaragua','+505'),(160,'Niger','+227'),(161,'Nigeria','+234'),(162,'Niue (Former Savage Island)','+683'),(163,'Norfolk Island','+672'),(164,'Northern Mariana Islands (Former Mariana Islands District - Trust Territory of the Pacific Islands)','+1-670'),(165,'Norway','+47'),(166,'Oman, Sultanate of (Former Muscat and Oman)','+968'),(167,'Pakistan (Former West Pakistan)','+92'),(168,'Palau (Former Palau District - Trust Terriroty of the Pacific Islands)','+680'),(169,'Palestinian State (Proposed)','+970'),(170,'Panama','+507'),(171,'Papua New Guinea (Former Territory of Papua and New Guinea)','+675'),(172,'Paraguay','+595'),(173,'Peru','+51'),(174,'Philippines','+63'),(175,'Pitcairn Island',''),(176,'Poland','+48'),(177,'Portugal','+351'),(178,'Puerto Rico','+1-787'),(179,'Qatar, State of','+974'),(180,'Reunion (French) (Former Bourbon Island)','+262'),(181,'Romania','+40'),(182,'Russia - USSR (Former Russian Empire, Union of Soviet Socialist Republics, Russian Soviet Federative Socialist Republic) Now RU - Russian Federation',''),(183,'Russian Federation','+7'),(184,'Rwanda (Rwandese Republic) (Former Ruanda)','+250'),(185,'Saint Helena','+290'),(186,'Saint Kitts and Nevis (Former Federation of Saint Christopher and Nevis)','+1-869'),(187,'Saint Lucia','+1-758'),(188,'Saint Pierre and Miquelon','+508'),(189,'Saint Vincent and the Grenadines','+1-784'),(190,'Samoa (Former Western Samoa)','+685'),(191,'San Marino','+378'),(192,'Sao Tome and Principe','+239'),(193,'Saudi Arabia','+966'),(194,'Serbia, Republic of',''),(195,'Senegal','+221'),(196,'Seychelles','+248'),(197,'Sierra Leone','+232'),(198,'Singapore','+65'),(199,'Slovakia','+421'),(200,'Slovenia','+386'),(201,'Solomon Islands (Former British Solomon Islands)','+677'),(202,'Somalia (Former Somali Republic, Somali Democratic Republic)','+252'),(203,'South Africa (Former Union of South Africa)','+27'),(204,'South Georgia and the South Sandwich Islands',''),(205,'Spain','+34'),(206,'Sri Lanka (Former Serendib, Ceylon)','+94'),(207,'Sudan (Former Anglo-Egyptian Sudan)','+249'),(208,'Suriname (Former Netherlands Guiana, Dutch Guiana)','+597'),(209,'Svalbard (Spitzbergen) and Jan Mayen Islands',''),(210,'Swaziland, Kingdom of','+268'),(211,'Sweden','+46'),(212,'Switzerland','+41'),(213,'Syria (Syrian Arab Republic) (Former United Arab Republic - with Egypt)','+963'),(214,'Taiwan (Former Formosa)','+886'),(215,'Tajikistan (Former Tajik Soviet Socialist Republic)','+992'),(216,'Tanzania, United Republic of (Former United Republic of Tanganyika and Zanzibar)','+255'),(217,'Thailand (Former Siam)','+66'),(218,'Togo (Former French Togoland)',''),(219,'Tokelau','+690'),(220,'Tonga, Kingdom of (Former Friendly Islands)','+676'),(221,'Trinidad and Tobago','+1-868'),(222,'Tromelin Island',''),(223,'Tunisia','+216'),(224,'Turkey','+90'),(225,'Turkmenistan (Former Turkmen Soviet Socialist Republic)','+993'),(226,'Turks and Caicos Islands','+1-649'),(227,'Tuvalu (Former Ellice Islands)','+688'),(228,'Uganda, Republic of','+256'),(229,'Ukraine (Former Ukrainian National Republic, Ukrainian State, Ukrainian Soviet Socialist Republic)','+380'),(230,'United Arab Emirates (UAE) (Former Trucial Oman, Trucial States)','+9710'),(231,'United Kingdom (Great Britain / UK)','+44'),(232,'United States','+1'),(233,'United States Minor Outlying Islands',''),(234,'Uruguay, Oriental Republic of (Former Banda Oriental, Cisplatine Province)','+598'),(235,'Uzbekistan (Former UZbek Soviet Socialist Republic)','+998'),(236,'Vanuatu (Former New Hebrides)','+678'),(237,'Vatican City State (Holy See)','+418'),(238,'Venezuela','+58'),(239,'Vietnam','+84'),(240,'Virgin Islands, British','+1-284'),(241,'Virgin Islands, United States (Former Danish West Indies)','+1-340');
/*!40000 ALTER TABLE `country` ENABLE KEYS */;
UNLOCK TABLES;

--
-- Table structure for table `document_requests`
--

DROP TABLE IF EXISTS `document_requests`;
/*!40101 SET @saved_cs_client     = @@character_set_client */;
/*!50503 SET character_set_client = utf8mb4 */;
CREATE TABLE `document_requests` (
  `id` bigint NOT NULL AUTO_INCREMENT,
  `user_id` bigint NOT NULL,
  `document_description` longtext CHARACTER SET utf8mb4 COLLATE utf8mb4_0900_ai_ci,
  `category_id` bigint DEFAULT NULL,
  `status` bigint NOT NULL,
  `created_date` datetime(6) NOT NULL,
  `updated_date` datetime(6) NOT NULL,
  PRIMARY KEY (`id`),
  KEY `IX_document_requests_category_id` (`category_id`),
  KEY `IX_document_requests_status` (`status`),
  KEY `IX_document_requests_user_id` (`user_id`),
  CONSTRAINT `FK_document_requests_category_category_id` FOREIGN KEY (`category_id`) REFERENCES `category` (`id`),
  CONSTRAINT `FK_document_requests_request_status_master_status` FOREIGN KEY (`status`) REFERENCES `request_status_master` (`id`) ON DELETE CASCADE,
  CONSTRAINT `FK_document_requests_user_user_id` FOREIGN KEY (`user_id`) REFERENCES `user` (`id`) ON DELETE CASCADE
) ENGINE=InnoDB AUTO_INCREMENT=37 DEFAULT CHARSET=utf8mb4 COLLATE=utf8mb4_0900_ai_ci;
/*!40101 SET character_set_client = @saved_cs_client */;

--
-- Dumping data for table `document_requests`
--

LOCK TABLES `document_requests` WRITE;
/*!40000 ALTER TABLE `document_requests` DISABLE KEYS */;
INSERT INTO `document_requests` VALUES (1,5,'hi',1,4,'2022-03-31 07:13:56.644554','2022-03-31 07:13:56.644588'),(2,5,'',2,2,'2022-03-31 10:59:53.712348','2022-03-31 10:59:53.712351'),(4,12,'test',3,2,'2022-04-06 20:20:38.310497','2022-04-06 20:20:38.310530'),(5,12,'',2,2,'2022-04-07 05:51:13.585018','2022-04-07 05:51:13.585020'),(6,12,'Test',2,3,'2022-04-08 05:27:21.254349','2022-04-08 05:27:21.254351'),(7,12,'',1,2,'2022-04-08 05:27:46.349153','2022-04-08 05:27:46.349155'),(8,12,'Test',2,2,'2022-04-10 02:17:50.999246','2022-04-10 02:17:50.999294'),(9,21,'',1,2,'2022-04-12 07:39:53.856552','2022-04-12 07:39:53.856586'),(10,5,'testing purpose',1,2,'2022-04-12 10:41:03.406596','2022-04-12 10:41:03.406633'),(11,25,'',1,2,'2022-04-15 13:55:19.401880','2022-04-15 13:55:19.401913'),(12,25,'Test',1,3,'2022-04-15 13:55:42.615599','2022-04-15 13:55:42.615600'),(13,8,'Test',1,2,'2022-04-15 15:58:04.116053','2022-04-15 15:58:04.116085'),(14,24,'Test by praveen',2,5,'2022-04-15 19:06:47.576475','2022-04-15 19:06:47.576477'),(15,32,'',3,5,'2022-04-18 04:42:11.453306','2022-04-18 04:42:11.453308'),(16,32,'Testing',2,2,'2022-04-18 04:42:33.500786','2022-04-18 04:42:33.500788'),(17,23,'its a test request',1,5,'2022-04-18 10:05:22.257188','2022-04-18 10:05:22.257219'),(18,23,'this is Niranjan',2,1,'2022-04-18 10:57:11.323485','2022-04-18 10:57:11.323490'),(19,4,'abc',1,3,'2022-04-18 16:00:55.566775','2022-04-18 16:00:55.593596'),(20,4,'demo 1',1,1,'2022-04-18 16:07:50.515755','2022-04-18 16:07:50.518097'),(21,4,'abc',1,1,'2022-04-18 16:16:52.471859','2022-04-18 16:16:52.471891'),(22,23,'this is arman',1,1,'2022-04-19 04:28:19.340117','2022-04-19 04:28:19.340120'),(23,23,'thi is Santhosh',1,1,'2022-04-19 04:32:48.423576','2022-04-19 04:32:48.423577'),(24,32,'test',1,1,'2022-04-19 08:45:01.837370','2022-04-19 08:45:01.837372'),(25,32,'lkjlkj',2,1,'2022-04-19 08:54:19.252810','2022-04-19 08:54:19.252811'),(26,23,'testing request',1,1,'2022-04-20 05:28:35.045079','2022-04-20 05:28:35.045081'),(27,23,'Hi',1,1,'2022-04-20 19:15:01.407083','2022-04-20 19:15:01.407115'),(28,23,'Hi',1,1,'2022-04-20 19:16:36.004913','2022-04-20 19:16:36.004915'),(29,23,'testing chalo ha',1,1,'2022-04-27 14:22:01.997402','2022-04-27 14:22:01.997434'),(30,48,'test',2,1,'2022-04-27 19:19:30.598319','2022-04-27 19:19:30.598320'),(31,4,'string',1,1,'2022-04-28 08:33:27.674340','2022-04-28 08:33:27.698226'),(32,4,'string1',1,1,'2022-04-28 08:39:03.842004','2022-04-28 08:39:03.875524'),(33,4,'new doc',2,1,'2022-04-28 09:00:16.137283','2022-04-28 09:00:16.137317'),(34,4,'new document',2,1,'2022-04-28 09:13:36.311846','2022-04-28 09:13:36.311875'),(35,12,'I need help I\'m a moron',1,1,'2022-04-28 14:36:23.584439','2022-04-28 14:36:23.584442'),(36,8,'I would like x contract please',2,1,'2022-04-29 16:28:52.255377','2022-04-29 16:28:52.255410');
/*!40000 ALTER TABLE `document_requests` ENABLE KEYS */;
UNLOCK TABLES;

--
-- Table structure for table `document_signer_details`
--

DROP TABLE IF EXISTS `document_signer_details`;
/*!40101 SET @saved_cs_client     = @@character_set_client */;
/*!50503 SET character_set_client = utf8mb4 */;
CREATE TABLE `document_signer_details` (
  `id` bigint NOT NULL AUTO_INCREMENT,
  `envelope_id` bigint NOT NULL,
  `signer_email` longtext CHARACTER SET utf8mb4 COLLATE utf8mb4_0900_ai_ci,
  `signer_name` longtext CHARACTER SET utf8mb4 COLLATE utf8mb4_0900_ai_ci,
  `signer_routing` bigint NOT NULL,
  `signature_status` longtext CHARACTER SET utf8mb4 COLLATE utf8mb4_0900_ai_ci,
  `signature_time` longtext CHARACTER SET utf8mb4 COLLATE utf8mb4_0900_ai_ci,
  PRIMARY KEY (`id`),
  KEY `IX_document_signer_details_envelope_id` (`envelope_id`),
  CONSTRAINT `FK_document_signer_details_envelope_detail_envelope_id` FOREIGN KEY (`envelope_id`) REFERENCES `envelope_detail` (`id`) ON DELETE CASCADE
) ENGINE=InnoDB AUTO_INCREMENT=53 DEFAULT CHARSET=utf8mb4 COLLATE=utf8mb4_0900_ai_ci;
/*!40101 SET character_set_client = @saved_cs_client */;

--
-- Dumping data for table `document_signer_details`
--

LOCK TABLES `document_signer_details` WRITE;
/*!40000 ALTER TABLE `document_signer_details` DISABLE KEYS */;
INSERT INTO `document_signer_details` VALUES (5,5,'lyndon.cassidy@foreastate.com','lyndon',1,'Signed','2022-03-31T07:47:45.7100000Z'),(10,10,'praveen@lookupitsolutions.com','praveen',1,'Signed','2022-04-06T14:30:23.2670000Z'),(11,11,'calebjameswalker@gmail.com','Caleb',1,'Signed','2022-04-08T05:11:04.5500000Z'),(13,13,'praveen@lookupitsolutions.com','praveen',1,'Signed','2022-04-12T12:43:24.7970000Z'),(14,14,'rashmi@lookupitsolutions.com','rashmi',1,'Signed','2022-04-12T12:46:18.5700000Z'),(15,15,'Calebjameswalker@gmail.com','Caleb',1,'Signed','2022-04-08T05:11:04.5500000Z'),(16,16,'Requests@contractmint.io','Requests',1,'Signed','2022-04-13T07:24:42.2800000Z'),(17,17,'calebjameswalker@gmail.com','Caleb Walker',1,'Signed','2021-03-22T09:18:31.0000000Z'),(18,18,'kumarmani481@gmail.com','mani',1,'Signed','2022-04-21T09:21:24.2800000Z'),(19,19,'santoshkumar95432@gmail.com','santosh kumar',1,'Signed','2022-04-21T09:57:52.8000000Z'),(20,20,'engineeraarman@gmail.com','aarmanji',1,'Signed','2022-04-22T11:47:44.7100000Z'),(21,21,'engineeraaraman@gmail.com','aarmankhanji',1,'pending',NULL),(22,22,'engineeraarman@gmail.com','armankhanjiii',1,'Signed','2022-04-22T14:01:41.4970000Z'),(23,23,'engineeraarman@gmail.com','Rahaman',1,'Signed','2022-04-22T14:09:50.4230000Z'),(24,24,'engineeraarman@gmail.com','armanjii',1,'Signed','2022-04-23T06:27:18.4330000Z'),(25,25,'engineeraarman@gmail.com','karthikji',1,'Signed','2022-04-23T06:52:33.1830000Z'),(26,26,'praveen@lookupitsolutions.com','Praveen Ghosh',1,'Signed','2022-04-23T13:01:01.5730000Z'),(27,27,'engineeraarman@gmail.com','armankhanjiiiiii',1,'Signed','2022-04-25T19:39:03.8400000Z'),(28,28,'santoshkumar95432@gmail.com','santosh',1,'pending',NULL),(29,29,'santoshkumar95432@gmail.com','santosh',1,'Signed','2022-04-26T05:37:04.0530000Z'),(30,30,'praveen@lookupitsolutions.com','praveen',1,'Signed','2022-04-26T05:54:52.7470000Z'),(31,31,'praveen@looupitsolutions.com','praveen',1,'pending',NULL),(32,32,'praveen@lookupitsolutions.com','praveen',1,'Signed','2022-04-26T07:06:42.5400000Z'),(33,33,'praveen@lookupitsolutions.com','praveen',1,'Signed','2022-04-26T07:56:34.4070000Z'),(34,34,'calebjameswalker@gmail.com','Caleb J Walker',1,'Signed','2019-08-13T11:53:43.0000000Z'),(35,35,'calebjameswalker@gmail.com','caleb',1,'Signed','2022-04-08T05:11:04.5500000Z'),(36,36,'x@fractal8.io','Luke',1,'Signed','2022-04-26T08:39:31.7500000Z'),(37,37,'calebjameswalker@gmail.com','caleb',1,'Signed','2022-04-08T05:11:04.5500000Z'),(38,38,'x@fractal8.io','Luke',1,'Signed','2022-04-26T08:43:22.7400000Z'),(39,39,'kalidx777x@gmail.com','Kalid',1,'Signed','2022-04-26T09:26:40.8500000Z'),(40,40,'pavan@gmail.com','pavan',1,'pending',NULL),(41,41,'praveen@lookupitsolutions.com','praveen',1,'Signed','2022-04-26T14:18:40.9470000Z'),(42,42,'engineeraarman@gmail.com','armankhanji',1,'Signed','2022-04-26T14:26:55.6270000Z'),(43,43,'engineeraarman@gmail.com','arman',1,'Signed','2022-04-27T10:39:58.8830000Z'),(44,44,'engineeraarman@gmail.com','aarman',1,'Signed','2022-04-27T14:20:16.3300000Z'),(45,45,'test2@fractal8.io','Calen',1,'Signed','2022-04-27T17:52:31.0370000Z'),(46,46,'calebjameswalker@gmail.com','Fruit',1,'Signed','2022-04-28T14:25:52.2100000Z'),(47,47,'x@fractal8.io','Tree',1,'Signed','2022-04-28T14:27:11.2270000Z'),(48,48,'shawon4work@gmail.com','Shawon',1,'pending',NULL),(49,49,'praveen@lookupitsolutions.com','praveen',1,'Signed','2022-04-29T15:13:09.7000000Z'),(50,50,'info@lookupitsolutions.com','praveen',1,'Signed','2022-04-29T15:25:48.9000000Z'),(51,51,'calebjameswalker@gmail.com','Caleb J Walker',1,'Signed','2019-08-13T11:53:43.0000000Z'),(52,52,'calebjameswalker@gmail.com','Caleb Walker',1,'Signed','2021-03-22T09:18:31.0000000Z');
/*!40000 ALTER TABLE `document_signer_details` ENABLE KEYS */;
UNLOCK TABLES;

--
-- Table structure for table `documents`
--

DROP TABLE IF EXISTS `documents`;
/*!40101 SET @saved_cs_client     = @@character_set_client */;
/*!50503 SET character_set_client = utf8mb4 */;
CREATE TABLE `documents` (
  `id` bigint NOT NULL AUTO_INCREMENT,
  `document_name` longtext CHARACTER SET utf8mb4 COLLATE utf8mb4_0900_ai_ci,
  `description` longtext CHARACTER SET utf8mb4 COLLATE utf8mb4_0900_ai_ci,
  `document_path` longtext CHARACTER SET utf8mb4 COLLATE utf8mb4_0900_ai_ci,
  `upload_date` datetime(6) NOT NULL,
  `price` decimal(16,2) NOT NULL,
  `gas_fee` decimal(65,30) NOT NULL,
  `category_id` bigint NOT NULL,
  `is_deleted` tinyint(1) NOT NULL,
  `is_primary` tinyint(1) NOT NULL,
  `alternate_name` longtext CHARACTER SET utf8mb4 COLLATE utf8mb4_0900_ai_ci,
  PRIMARY KEY (`id`),
  KEY `IX_documents_category_id` (`category_id`),
  CONSTRAINT `FK_documents_category_category_id` FOREIGN KEY (`category_id`) REFERENCES `category` (`id`) ON DELETE CASCADE
) ENGINE=InnoDB AUTO_INCREMENT=62 DEFAULT CHARSET=utf8mb4 COLLATE=utf8mb4_0900_ai_ci;
/*!40101 SET character_set_client = @saved_cs_client */;

--
-- Dumping data for table `documents`
--

LOCK TABLES `documents` WRITE;
/*!40000 ALTER TABLE `documents` DISABLE KEYS */;
INSERT INTO `documents` VALUES (1,'Business Plan','The business plan doc can use for NDA','https://document-blockchain.s3.ap-south-1.amazonaws.com/substorage/Documentstorage/7dbadc38-b7f8-4961-a72c-b21e9bb90509.pdf','2022-04-09 07:29:55.283138',10.00,2.300000000000000000000000000000,1,1,1,NULL),(2,'LLC Operating Agreement','LLC operating NDA document','https://document-blockchain.s3.ap-south-1.amazonaws.com/substorage/Documentstorage/3601462d-c786-4ac4-92ff-beeffa1e063f.pdf','2022-04-09 07:28:45.170252',20.00,1.000000000000000000000000000000,1,1,0,NULL),(3,'Articles of Incorporation','Article Incorporation','https://document-blockchain.s3.ap-south-1.amazonaws.com/substorage/Documentstorage/eb000489-a1ce-4217-b8db-d16f127e4756.pdf','2022-04-08 06:55:20.447894',30.00,5.000000000000000000000000000000,1,1,1,NULL),(4,'Corporate Bylaws','Corporate Bylaws NDA doc','https://document-blockchain.s3.ap-south-1.amazonaws.com/substorage/Documentstorage/bf4d0213-ebea-4255-af31-56fa0caf2052.pdf','2022-04-09 07:29:47.935766',17.00,2.000000000000000000000000000000,1,1,1,NULL),(5,'Business Contract','Business Contract NDA','https://document-blockchain.s3.ap-south-1.amazonaws.com/substorage/Documentstorage/2226c731-c8f5-4537-b1f3-03502f23917d','2022-04-09 07:29:05.099849',18.00,1.000000000000000000000000000000,2,1,0,NULL),(9,'IFZA-LicenseApplicationForm_Caleb James Walker (Signed)','IFZA-LicenseApplicationForm_Caleb James ','https://document-blockchain.s3.ap-south-1.amazonaws.com/substorage/Documentstorage/a7e14a0a-f55b-4619-9f5c-ae36f9a5790b.pdf','2022-04-13 06:09:46.703613',10.00,2.000000000000000000000000000000,1,1,1,NULL),(10,'Testing','Testing document for test','https://document-blockchain.s3.ap-south-1.amazonaws.com/substorage/Documentstorage/cff64884-4fcb-4bb6-affd-f30b9aec477a.pdf','2022-04-29 14:48:11.321442',1.00,1.000000000000000000000000000000,1,1,1,'Testing1'),(11,'NDA','\n\nA non-disclosure agreement is a legally binding contract that establishes a confidential relationship. The party or parties signing the agreement agree that sensitive information they may obtain will not be made available to any others. An NDA may also be referred to as a confidentiality agreement.','https://document-blockchain.s3.ap-south-1.amazonaws.com/substorage/Documentstorage/5bafaea0-87ea-4a43-a0b1-f36ef518b811.pdf','2022-04-13 21:47:43.281189',50.00,5.000000000000000000000000000000,1,1,1,NULL),(12,'test','fsdfsdf','https://document-blockchain.s3.ap-south-1.amazonaws.com/substorage/Documentstorage/55e815bc-5256-485c-b90d-b1257c63900f.pdf','2022-04-14 05:48:29.010918',2.00,1.000000000000000000000000000000,2,1,1,NULL),(13,'testings','Make sure the modal container and all of its parent elements are positioned the default way to fix the problem.','https://document-blockchain.s3.ap-south-1.amazonaws.com/substorage/Documentstorage/79307b51-65c9-4dec-acbd-6c21401dc81f.pdf','2022-04-14 11:09:48.942617',4.00,2.000000000000000000000000000000,2,1,0,NULL),(14,'Memorandum Of Understanding','A memorandum of understanding (MoU) is a','https://document-blockchain.s3.ap-south-1.amazonaws.com/substorage/Documentstorage/846be3da-5dd2-4008-9796-331d04180943.pdf','2022-04-15 15:43:20.770283',0.00,1.000000000000000000000000000000,1,1,1,NULL),(15,'(MOU) Memorandum of Understanding','A memorandum of understanding, or MOU, is a nonbinding agreement that states each party’s intentions to take action, conduct a business transaction, or form a new partnership. This type of agreement may also be referred to as a letter of intent (LOI) or memorandum of agreement (MOA). Under U.S. law, all three are effectively interchangeable.','https://document-blockchain.s3.ap-south-1.amazonaws.com/substorage/Documentstorage/9a272650-1da7-4c04-ac9a-fc7146013e66.pdf','2022-04-29 16:10:16.241351',1.00,1.000000000000000000000000000000,1,1,1,NULL),(16,'doctest','this is dropdown fix test','https://document-blockchain.s3.ap-south-1.amazonaws.com/substorage/Documentstorage/23f6a7b2-f43d-4434-a587-ff148f829d8b.pdf','2022-04-18 13:07:55.239470',2.00,2.000000000000000000000000000000,2,1,1,NULL),(17,'Real Estate','Real Estate is the property in form of land.','https://document-blockchain.s3.ap-south-1.amazonaws.com/substorage/Documentstorage/350d2d7c-c0ab-47a9-bb9f-a19319e988f1.pdf','2022-04-22 13:07:37.096910',1.00,1.000000000000000000000000000000,2,1,0,'Realone'),(18,'family','this is family testing','https://document-blockchain.s3.ap-south-1.amazonaws.com/substorage/Documentstorage/dcdea9a4-8548-4b2d-96c1-a6bdc57598bd.pdf','2022-04-22 11:01:00.898737',1.00,1.000000000000000000000000000000,3,1,0,'family members'),(19,'hr','hr testing','https://document-blockchain.s3.ap-south-1.amazonaws.com/substorage/Documentstorage/ccfce114-69d8-44da-ac0f-ba90da1a076f.pdf','2022-04-22 11:21:30.823778',1.00,1.000000000000000000000000000000,4,1,0,NULL),(20,'business','business testing','https://document-blockchain.s3.ap-south-1.amazonaws.com/substorage/Documentstorage/13a8734b-1c54-49e6-a7c2-0656f1346ccb.pdf','2022-04-22 11:49:51.286377',1.00,1.000000000000000000000000000000,1,1,0,'bussiness'),(21,'Divorce ','testing','https://document-blockchain.s3.ap-south-1.amazonaws.com/substorage/Documentstorage/2ebe4922-a75a-4f94-a36f-7cf6d3871d93.pdf','2022-04-22 12:42:12.457483',1.00,1.000000000000000000000000000000,3,1,0,'divorce paper'),(22,'santosh','this is santosh','https://document-blockchain.s3.ap-south-1.amazonaws.com/substorage/Documentstorage/366ec3a5-c6f6-4373-9bf0-d765d49b6121.pdf','2022-04-22 13:14:20.821522',1.00,2.000000000000000000000000000000,1,1,0,'SantoshGi'),(23,'Niranjan','this is niranjan','https://document-blockchain.s3.ap-south-1.amazonaws.com/substorage/Documentstorage/26b4811f-2da8-4c1f-ae23-885b5ba460ef.pdf','2022-04-22 13:18:28.160205',5.00,2.000000000000000000000000000000,1,1,0,'niranjanji'),(24,'Merriage Certificate','this is test as merrige','https://document-blockchain.s3.ap-south-1.amazonaws.com/substorage/Documentstorage/713b7654-0f4a-4f8f-af6e-1681eb15e2e0.pdf','2022-04-22 14:24:24.261714',2.00,1.000000000000000000000000000000,3,1,0,'merryy'),(25,'arman','arman is testing','https://document-blockchain.s3.ap-south-1.amazonaws.com/substorage/Documentstorage/447d7649-ebbf-4b79-b162-1eabbc1d8436.pdf','2022-04-23 06:14:52.476466',1.00,1.000000000000000000000000000000,1,1,0,NULL),(26,'karthik','this is karthik','https://document-blockchain.s3.ap-south-1.amazonaws.com/substorage/Documentstorage/04d7fab7-1046-47f0-b3ce-8be362e0b49d.pdf','2022-04-23 06:53:41.859858',1.00,1.000000000000000000000000000000,2,1,0,'pavan'),(27,'real arman','this is arman ','https://document-blockchain.s3.ap-south-1.amazonaws.com/substorage/Documentstorage/2326b8a3-67c3-40ec-b620-4bf8cc5c58cc.pdf','2022-04-23 08:11:27.422626',1.00,1.000000000000000000000000000000,2,1,0,'real docs'),(28,'Hr manager','hi hr manager','https://document-blockchain.s3.ap-south-1.amazonaws.com/substorage/Documentstorage/5341280e-9315-465c-8f98-11de46163c98.pdf','2022-04-23 08:16:33.488078',1.00,1.000000000000000000000000000000,4,1,0,NULL),(29,'armandoc','this is arman doc testing','https://document-blockchain.s3.ap-south-1.amazonaws.com/substorage/Documentstorage/5248014b-2807-4b9a-a435-79c1a32c8b4b.pdf','2022-04-23 09:52:32.878087',1.00,2.000000000000000000000000000000,1,1,0,'armankhan'),(30,'armandocument','this is bussiness testing','https://document-blockchain.s3.ap-south-1.amazonaws.com/substorage/Documentstorage/add49bce-cc8f-4199-a985-c29409d24e8f.pdf','2022-04-23 09:56:41.542192',1.00,1.000000000000000000000000000000,1,1,0,NULL),(31,'armanBussiness','this is arman test','https://document-blockchain.s3.ap-south-1.amazonaws.com/substorage/Documentstorage/8ef6ed0f-bae8-4930-96f8-2d8e3a11152e.pdf','2022-04-23 10:13:59.758105',1.00,1.000000000000000000000000000000,1,1,0,'armandocs'),(32,'familydocs','this is family doc testing','https://document-blockchain.s3.ap-south-1.amazonaws.com/substorage/Documentstorage/304181fc-7bec-487e-a454-042f576c008f.pdf','2022-04-23 10:30:53.149538',2.00,1.000000000000000000000000000000,3,1,1,'familydocs2'),(33,'product1','product one testing','https://document-blockchain.s3.ap-south-1.amazonaws.com/substorage/Documentstorage/1a3cfa33-2067-4eff-b72e-3d8015bd870b.pdf','2022-04-23 10:34:23.782009',1.00,2.000000000000000000000000000000,2,1,0,NULL),(34,'product2','this is product2','https://document-blockchain.s3.ap-south-1.amazonaws.com/substorage/Documentstorage/44c7412b-d9a6-49b7-a6fe-2b375abc4ad2.pdf','2022-04-23 11:07:46.246246',2.00,2.000000000000000000000000000000,2,1,0,'product2repeat'),(35,'product3','testing product3','https://document-blockchain.s3.ap-south-1.amazonaws.com/substorage/Documentstorage/4af1a439-3aaa-4f5a-bdc9-76d6b60d76d3.pdf','2022-04-23 10:57:16.183172',2.00,2.000000000000000000000000000000,1,1,0,NULL),(36,'personal','this is personal docs','https://document-blockchain.s3.ap-south-1.amazonaws.com/substorage/Documentstorage/b242d9e7-e126-4264-9c6d-b6b72f7e18b9.pdf','2022-04-23 11:14:58.964280',3.00,2.000000000000000000000000000000,3,1,0,'personal1'),(37,'personal2','this is personal2','https://document-blockchain.s3.ap-south-1.amazonaws.com/substorage/Documentstorage/7512fa03-7c4f-4e9b-8bc0-a7f395623231.pdf','2022-04-23 11:35:19.747545',3.00,2.000000000000000000000000000000,3,1,0,'personal3'),(38,'doc1','this is doc1','https://document-blockchain.s3.ap-south-1.amazonaws.com/substorage/Documentstorage/b0fc9687-55fb-4323-8a95-40fe2b426fbe.pdf','2022-04-23 11:17:58.623621',2.00,2.000000000000000000000000000000,1,1,0,NULL),(39,'doc2','this is doc2','https://document-blockchain.s3.ap-south-1.amazonaws.com/substorage/Documentstorage/32f84bad-8805-4f45-8953-9505029e0d79.pdf','2022-04-23 11:19:56.765922',2.00,2.000000000000000000000000000000,1,1,0,NULL),(40,'doc3','this is doc3','https://document-blockchain.s3.ap-south-1.amazonaws.com/substorage/Documentstorage/75b5d298-0389-424d-84f9-c5ed6a324572.pdf','2022-04-23 11:27:18.847719',2.00,2.000000000000000000000000000000,1,1,0,NULL),(41,'hr1','this is hr1','https://document-blockchain.s3.ap-south-1.amazonaws.com/substorage/Documentstorage/3ab90407-8558-437c-b145-c28cd72ea51f.pdf','2022-04-23 11:38:32.834725',2.00,1.000000000000000000000000000000,4,1,0,NULL),(42,'hr2','this is hr2','https://document-blockchain.s3.ap-south-1.amazonaws.com/substorage/Documentstorage/356e9050-e87e-4915-9700-a6b7395bdcf1.pdf','2022-04-23 11:39:11.298585',2.00,1.000000000000000000000000000000,4,1,0,NULL),(43,'hr3','this is hr3','https://document-blockchain.s3.ap-south-1.amazonaws.com/substorage/Documentstorage/87d22479-34c5-42fc-ba91-caf5248f23ae.pdf','2022-04-23 11:46:40.340967',1.00,1.000000000000000000000000000000,4,1,0,NULL),(44,'hr4','this is hr4','https://document-blockchain.s3.ap-south-1.amazonaws.com/substorage/Documentstorage/255b0af9-f71b-4de2-afa3-adfc855203a1.pdf','2022-04-23 11:51:52.340587',3.00,2.000000000000000000000000000000,4,1,0,'hr4edit'),(45,'hr5','this is hr5','https://document-blockchain.s3.ap-south-1.amazonaws.com/substorage/Documentstorage/fa939c2f-bc0d-4bed-808d-1bd578deffc2.pdf','2022-04-23 11:51:20.153663',2.00,1.000000000000000000000000000000,4,1,0,NULL),(46,'hr6','it is hr6 test','https://document-blockchain.s3.ap-south-1.amazonaws.com/substorage/Documentstorage/437d1c8b-49e4-41c8-ae0c-f8edeb7b0fb4.pdf','2022-04-25 06:53:44.632985',1.00,2.000000000000000000000000000000,4,1,0,'hr66'),(47,'hr7','it is hr testing','https://document-blockchain.s3.ap-south-1.amazonaws.com/substorage/Documentstorage/e678a8db-e60a-4097-9926-51f97585de90.pdf','2022-04-23 13:03:56.775874',3.00,2.000000000000000000000000000000,4,1,0,'hr8'),(48,'newProduct','this is new product testing','https://document-blockchain.s3.ap-south-1.amazonaws.com/substorage/Documentstorage/3304e81e-fd6a-44f1-82f3-5d46de6ab21b.pdf','2022-04-25 07:52:59.565296',3.00,2.000000000000000000000000000000,3,1,0,NULL),(49,'testing Doc','this is testing doc','https://document-blockchain.s3.ap-south-1.amazonaws.com/substorage/Documentstorage/4b5dca62-0205-40a3-a033-2f6847db19a7.pdf','2022-04-25 08:05:15.608214',2.00,1.000000000000000000000000000000,3,1,0,'testingDoc2'),(50,'businessMint','this is mint doc','https://document-blockchain.s3.ap-south-1.amazonaws.com/substorage/Documentstorage/7e91ee09-02fa-4720-a16e-01b906ab3a16.pdf','2022-04-25 08:08:47.127129',3.00,1.000000000000000000000000000000,1,1,0,NULL),(51,'document1','this is testing','https://document-blockchain.s3.ap-south-1.amazonaws.com/substorage/Documentstorage/859043b9-ce1b-4b56-9a6a-521d78e04c46.pdf','2022-04-29 15:00:04.739390',1.00,1.000000000000000000000000000000,1,1,0,'document111'),(52,'test5','this is test5','https://document-blockchain.s3.ap-south-1.amazonaws.com/substorage/Documentstorage/79b74726-8f72-40b3-8d0b-87dc5b113490.pdf','2022-04-25 10:39:43.278454',4.00,2.000000000000000000000000000000,1,1,0,'testingrepeat'),(53,'testbusiness','this is test business','https://document-blockchain.s3.ap-south-1.amazonaws.com/substorage/Documentstorage/3f8f7c14-2d7c-4ec9-9944-6ac18d6e1cb5.pdf','2022-04-27 14:17:59.466062',2.00,2.000000000000000000000000000000,1,1,0,NULL),(54,'realstate','this real state testing','https://document-blockchain.s3.ap-south-1.amazonaws.com/substorage/Documentstorage/983e2433-c14a-4d55-b853-a82e036e1df7.pdf','2022-04-26 05:38:35.766298',2.00,2.000000000000000000000000000000,2,1,0,NULL),(55,'h45','it is hr45','https://document-blockchain.s3.ap-south-1.amazonaws.com/substorage/Documentstorage/1a231edb-c23d-4567-8d27-332375c8adcc.pdf','2022-04-27 09:40:53.225005',3.00,1.000000000000000000000000000000,4,1,0,NULL),(56,'personal doc','this is personal doc','https://document-blockchain.s3.ap-south-1.amazonaws.com/substorage/Documentstorage/807568ec-8565-4c66-a109-6ab9f8cade5b.pdf','2022-04-27 10:53:15.404345',3.00,2.000000000000000000000000000000,3,1,0,NULL),(57,'Partnership Agreement','A partnership agreement is a legal document that dictates how a small for-profit business will operate under two or more people.\n\nThe agreement lays out the responsibilities of each partner in the business, how much of the business each partner owns, and how much profit and loss each partner is responsible for. It also includes rules about how you’ll manage the business and addresses potential scenarios that could affect the business, such as death of a partner or how a partner can leave the company.\n\nThe purpose of a partnership agreement is to get in writing answers to common questions that could arise in the business, so you and your partner(s) don’t find yourselves at odds down the line.\n\nMore information: https://bit.ly/38Ee0wf','https://document-blockchain.s3.ap-south-1.amazonaws.com/substorage/Documentstorage/0a17ac1e-2864-4ad8-80ef-f79112096728.pdf','2022-04-30 07:33:31.841782',0.00,0.500000000000000000000000000000,1,1,1,'Partnership Agreement 2'),(58,'New Document ','this is testing document','https://document-blockchain.s3.ap-south-1.amazonaws.com/substorage/Documentstorage/0c465c30-79cc-4480-a29c-3a9fd78e399f.pdf','2022-04-30 05:19:29.797278',2.00,1.000000000000000000000000000000,1,1,0,NULL),(59,'New Document','this is new testing document','https://document-blockchain.s3.ap-south-1.amazonaws.com/substorage/Documentstorage/bf83040b-55e7-4300-bade-4aa1dcf3465a.pdf','2022-04-30 05:20:53.397394',2.00,1.000000000000000000000000000000,1,1,0,NULL),(60,'Partnership Agreement. ','A partnership agreement is a legal document that dictates how a small for-profit business will operate under two or more people.\n\nThe agreement lays out the responsibilities of each partner in the business, how much of the business each partner owns, and how much profit and loss each partner is responsible for. It also includes rules about how you’ll manage the business and addresses potential scenarios that could affect the business, such as death of a partner or how a partner can leave the company.\n\nThe purpose of a partnership agreement is to get in writing answers to common questions that could arise in the business, so you and your partner(s) don’t find yourselves at odds down the line.\n\nFurther Information: https://bit.ly/38Ee0wf','https://document-blockchain.s3.ap-south-1.amazonaws.com/substorage/Documentstorage/023970de-0a0a-40fb-a7a6-6e2693a70d98.pdf','2022-04-30 07:54:28.334171',0.00,0.500000000000000000000000000000,1,0,1,NULL),(61,'Custom Contract Request','Please purchase this if you require a customer contract, drafted by our attorney team.','https://document-blockchain.s3.ap-south-1.amazonaws.com/substorage/Documentstorage/dd57c1eb-a00c-4594-bcac-f9492d73f379.pdf','2022-05-02 05:31:05.737479',50.00,2.000000000000000000000000000000,8,0,1,NULL);
/*!40000 ALTER TABLE `documents` ENABLE KEYS */;
UNLOCK TABLES;

--
-- Table structure for table `docusign_accesstoken`
--

DROP TABLE IF EXISTS `docusign_accesstoken`;
/*!40101 SET @saved_cs_client     = @@character_set_client */;
/*!50503 SET character_set_client = utf8mb4 */;
CREATE TABLE `docusign_accesstoken` (
  `id` bigint NOT NULL AUTO_INCREMENT,
  `accesstoken` longtext CHARACTER SET utf8mb4 COLLATE utf8mb4_0900_ai_ci,
  `token_type` longtext CHARACTER SET utf8mb4 COLLATE utf8mb4_0900_ai_ci,
  `created_time` datetime(6) NOT NULL,
  `expire_time` datetime(6) NOT NULL,
  PRIMARY KEY (`id`)
) ENGINE=InnoDB AUTO_INCREMENT=2 DEFAULT CHARSET=utf8mb4 COLLATE=utf8mb4_0900_ai_ci;
/*!40101 SET character_set_client = @saved_cs_client */;

--
-- Dumping data for table `docusign_accesstoken`
--

LOCK TABLES `docusign_accesstoken` WRITE;
/*!40000 ALTER TABLE `docusign_accesstoken` DISABLE KEYS */;
INSERT INTO `docusign_accesstoken` VALUES (1,'eyJ0eXAiOiJNVCIsImFsZyI6IlJTMjU2Iiwia2lkIjoiOGFlYzFjZjQtYmE4NS00MDM5LWE1MmItYzVhODAxMjA3N2EyIn0.AQoAAAABAAUABwCA7rnEoCraSAgAgFZ-Jqkq2kgCABlSM_TeI8pKqC2RjYmC1ZQVAAcAAAAYAAIAAAAdAAAABQAAAA0AJAAAADM2YjBjODhiLWQ4NDktNGMzMS05YjgxLTJmMjdiNmZmNGYzOSIAJAAAADM2YjBjODhiLWQ4NDktNGMzMS05YjgxLTJmMjdiNmZmNGYzORIAAQAAAAYAAABqd3RfYnIjACQAAAAzNmIwYzg4Yi1kODQ5LTRjMzEtOWI4MS0yZjI3YjZmZjRmMzk.ix_ZLsPaAvDQODyone34QGWOo5uGWOshx26KmCMMFYu_ml6GcIjW5x0tBqEbk_O7L_TPPXS2WagJ_3SBWjE1axgyn2BzucX0xWb8vmAgbixnejrX-34FrG1g-FDl3CEnRVQwd3n5yjvBkmk8pr9hDkPj5vAMG9St8_lmNC2KM-FiqZI_Q0a8uzB2rMOzB1--nGIH0CEM_aVMF8cvsFv1qooPxBTRETN-9sY5Vdh7M8xpiPTnTcMdw2YnNGg_iaOnXmLtBBcCA5Iqsom4Yr-hUNWgYRKq7f20DgwzOiCRVlXoqk12Xz-sPw9RmgyxY5p7zVFKJ4QB3u7pdEMl31buYw','Bearer','2022-04-30 11:58:41.143669','2022-04-30 12:48:41.143670');
/*!40000 ALTER TABLE `docusign_accesstoken` ENABLE KEYS */;
UNLOCK TABLES;

--
-- Table structure for table `envelope_detail`
--

DROP TABLE IF EXISTS `envelope_detail`;
/*!40101 SET @saved_cs_client     = @@character_set_client */;
/*!50503 SET character_set_client = utf8mb4 */;
CREATE TABLE `envelope_detail` (
  `id` bigint NOT NULL AUTO_INCREMENT,
  `envelope_id` longtext CHARACTER SET utf8mb4 COLLATE utf8mb4_0900_ai_ci,
  `document_id` bigint NOT NULL,
  `sent_by` bigint NOT NULL,
  `mail_status` longtext CHARACTER SET utf8mb4 COLLATE utf8mb4_0900_ai_ci,
  `error_details` longtext CHARACTER SET utf8mb4 COLLATE utf8mb4_0900_ai_ci,
  `sent_time` datetime(6) NOT NULL,
  `signed_document_url` longtext CHARACTER SET utf8mb4 COLLATE utf8mb4_0900_ai_ci,
  `user_document_id` bigint DEFAULT NULL,
  PRIMARY KEY (`id`),
  KEY `IX_envelope_detail_document_id` (`document_id`),
  KEY `IX_envelope_detail_sent_by` (`sent_by`),
  KEY `IX_envelope_detail_user_document_id` (`user_document_id`),
  CONSTRAINT `FK_envelope_detail_documents_document_id` FOREIGN KEY (`document_id`) REFERENCES `documents` (`id`) ON DELETE CASCADE,
  CONSTRAINT `FK_envelope_detail_user_documents_user_document_id` FOREIGN KEY (`user_document_id`) REFERENCES `user_documents` (`id`),
  CONSTRAINT `FK_envelope_detail_user_sent_by` FOREIGN KEY (`sent_by`) REFERENCES `user` (`id`) ON DELETE CASCADE
) ENGINE=InnoDB AUTO_INCREMENT=53 DEFAULT CHARSET=utf8mb4 COLLATE=utf8mb4_0900_ai_ci;
/*!40101 SET character_set_client = @saved_cs_client */;

--
-- Dumping data for table `envelope_detail`
--

LOCK TABLES `envelope_detail` WRITE;
/*!40000 ALTER TABLE `envelope_detail` DISABLE KEYS */;
INSERT INTO `envelope_detail` VALUES (5,'df7797b2-58a1-4894-b0eb-2340cdfb9587',3,9,'completed',NULL,'2022-03-31 07:48:21.935757','https://document-blockchain.s3.ap-south-1.amazonaws.com/substorage/Documentstorage/47875b4a-96ee-4ba4-937a-cf0d24bc8836.pdf',7),(10,'f3f4f72a-b795-423f-9e43-e59f3f68e35e',2,12,'completed',NULL,'2022-04-06 14:31:11.731998','https://document-blockchain.s3.ap-south-1.amazonaws.com/substorage/Documentstorage/11db77eb-0dea-47fd-854f-e50891bab720.pdf',11),(11,'7eaeeea3-b7e8-411b-ba0a-4a320b48643d',1,12,'completed',NULL,'2022-04-08 05:11:45.139338','https://document-blockchain.s3.ap-south-1.amazonaws.com/substorage/Documentstorage/1d6959f6-b6c4-4c46-b8d2-a13743a4c1df.pdf',12),(13,'2877fc30-932d-4c95-bc86-68110a0c164d',10,24,'completed',NULL,'2022-04-12 12:44:26.539479','https://document-blockchain.s3.ap-south-1.amazonaws.com/substorage/Documentstorage/cff64884-4fcb-4bb6-affd-f30b9aec477a.pdf',17),(14,'2dcf76ed-e65c-4cb1-9118-bfed210856b7',10,24,'completed',NULL,'2022-04-12 12:46:52.655365','https://document-blockchain.s3.ap-south-1.amazonaws.com/substorage/Documentstorage/347b4ccf-4519-477e-be2f-1ed6aa80b96d.pdf',17),(15,'f7f8c7b1-9169-4bdb-b037-fe4f21900e4d',9,25,'completed',NULL,'2022-04-13 07:22:43.942813','https://document-blockchain.s3.ap-south-1.amazonaws.com/substorage/Documentstorage/a7e14a0a-f55b-4619-9f5c-ae36f9a5790b.pdf',18),(16,'b91032a1-071b-4117-adce-7dbf0c6b93fc',9,25,'completed',NULL,'2022-04-13 07:26:21.332802','https://document-blockchain.s3.ap-south-1.amazonaws.com/substorage/Documentstorage/50ac8855-401a-452e-aa86-4cbe718230cd.pdf',18),(17,'d5119714-c4fc-44bd-8d8f-a24300703acf',15,8,'completed',NULL,'2022-04-15 15:52:36.407714','https://document-blockchain.s3.ap-south-1.amazonaws.com/substorage/Documentstorage/b349d405-56e7-47a4-a443-389c5714ebdd.pdf',19),(18,'893f6a61-2a40-41cf-92a1-5ceb1b19e200',15,4,'completed',NULL,'2022-04-21 14:56:09.525704','https://document-blockchain.s3.ap-south-1.amazonaws.com/substorage/Documentstorage/a91b93c2-765a-403b-a9ea-68a5110a61ac.pdf',20),(19,'058d8047-c95c-40a0-b45d-b0f0210724a1',15,5,'completed',NULL,'2022-04-21 15:28:22.644288','https://document-blockchain.s3.ap-south-1.amazonaws.com/substorage/Documentstorage/43d80713-d191-40cf-819c-a376f569cb42.pdf',21),(20,'1610a792-6869-4a51-b7c1-7325fad372ec',20,23,'completed',NULL,'2022-04-22 17:18:22.355776','https://document-blockchain.s3.ap-south-1.amazonaws.com/substorage/Documentstorage/021287de-d96a-4e1f-bf0c-9e0dedccb733.pdf',29),(21,'5871eca5-b8bf-45d5-aed0-073223f74937',21,23,'sent',NULL,'2022-04-22 12:36:18.697810',NULL,30),(22,'20581d14-d072-451f-a535-49b180b24ce6',15,23,'completed',NULL,'2022-04-22 19:32:21.598735','https://document-blockchain.s3.ap-south-1.amazonaws.com/substorage/Documentstorage/c567366a-4e33-4e02-888a-8db403e99578.pdf',23),(23,'4dd29d08-5425-4174-8e46-5c3f413d2841',24,23,'completed',NULL,'2022-04-22 19:40:19.831209','https://document-blockchain.s3.ap-south-1.amazonaws.com/substorage/Documentstorage/20f27e2a-9b8e-45e1-a07e-b74530366221.pdf',33),(24,'562718b8-449b-41ba-8fa5-b0accfdbaae1',25,23,'completed',NULL,'2022-04-23 11:57:51.169088','https://document-blockchain.s3.ap-south-1.amazonaws.com/substorage/Documentstorage/99b1b1c0-ee2f-4f18-8f01-f3e561bef781.pdf',34),(25,'a43b35d9-9a94-4c14-a290-1c011f775a6a',26,23,'completed',NULL,'2022-04-23 12:22:58.179277','https://document-blockchain.s3.ap-south-1.amazonaws.com/substorage/Documentstorage/c8dba220-ff3e-4dd1-8f83-7065e420e104.pdf',36),(26,'50f6a025-0feb-4b6f-8a98-e1f513271687',47,23,'completed',NULL,'2022-04-23 18:32:37.362178','https://document-blockchain.s3.ap-south-1.amazonaws.com/substorage/Documentstorage/b8d3c153-3bb9-4cf6-8d7d-465625c260d4.pdf',65),(27,'5b95c90c-8c1b-427d-8f7c-d0f2d5da76bb',53,23,'completed',NULL,'2022-04-26 01:09:50.099812','https://document-blockchain.s3.ap-south-1.amazonaws.com/substorage/Documentstorage/fcd1f11c-532e-4bc9-b19d-465aee937a51.pdf',78),(28,'b3989756-21f2-491e-9900-af7691cb0ab3',53,23,'sent',NULL,'2022-04-26 04:56:49.381986',NULL,79),(29,'2d778aac-3f3e-46ca-9243-07874531c2bf',54,23,'completed',NULL,'2022-04-26 05:37:31.214486','https://document-blockchain.s3.ap-south-1.amazonaws.com/substorage/Documentstorage/b6d3269d-bf4c-43c4-8d4f-426698a9de74.pdf',81),(30,'a7e8dedb-dd46-4ed9-b0c3-b59e012b7c06',53,23,'completed',NULL,'2022-04-26 05:55:09.070975','https://document-blockchain.s3.ap-south-1.amazonaws.com/substorage/Documentstorage/3de9995f-7a7c-4f6d-bfd4-847b79a53797.pdf',83),(31,'0f7f596b-5bba-46b6-a7f6-96189b47de2a',55,23,'sent',NULL,'2022-04-26 06:15:04.702820',NULL,85),(32,'fc45b196-28eb-437e-97cc-62434df22618',53,23,'completed',NULL,'2022-04-26 07:06:58.896015','https://document-blockchain.s3.ap-south-1.amazonaws.com/substorage/Documentstorage/da4b2fb6-aa57-4231-8187-a98b1c8c0b51.pdf',84),(33,'6435c044-a366-4742-8c94-fc0b0d80e584',51,39,'completed',NULL,'2022-04-26 07:56:46.672356','https://document-blockchain.s3.ap-south-1.amazonaws.com/substorage/Documentstorage/2a9fdde7-c5d7-4b71-bd32-299a09d4fcc0.pdf',86),(34,'fe3327d7-cb21-4256-a646-682f9bc0377f',51,41,'completed',NULL,'2022-04-26 08:28:09.919384','https://document-blockchain.s3.ap-south-1.amazonaws.com/substorage/Documentstorage/c721002a-11c8-420a-ae2b-97882200a893.pdf',88),(35,'e4dc21e2-24f8-4de9-a488-c24e104b38f6',51,40,'completed',NULL,'2022-04-26 08:38:28.515538','https://document-blockchain.s3.ap-south-1.amazonaws.com/substorage/Documentstorage/859043b9-ce1b-4b56-9a6a-521d78e04c46.pdf',89),(36,'cb743112-2fd6-4536-a7a8-8c28356fd439',51,40,'completed',NULL,'2022-04-26 08:39:47.674635','https://document-blockchain.s3.ap-south-1.amazonaws.com/substorage/Documentstorage/ad3a78ac-6fc4-4fc4-aceb-a8d99817a0b6.pdf',89),(37,'eca41448-78a8-474b-8356-479675297330',55,40,'completed',NULL,'2022-04-26 08:42:32.208836','https://document-blockchain.s3.ap-south-1.amazonaws.com/substorage/Documentstorage/1a231edb-c23d-4567-8d27-332375c8adcc.pdf',90),(38,'5c4c23cb-7be6-4d00-a71a-d920c7e3bc67',55,40,'completed',NULL,'2022-04-26 08:43:34.205681','https://document-blockchain.s3.ap-south-1.amazonaws.com/substorage/Documentstorage/e5087a73-eecf-4f74-a030-9cf96a16cb60.pdf',90),(39,'17760f90-91bf-4ffa-9f8e-442bbe4880dd',53,40,'completed',NULL,'2022-04-26 09:26:54.745087','https://document-blockchain.s3.ap-south-1.amazonaws.com/substorage/Documentstorage/8718edd5-5f72-4264-aa27-9c49e2fb214a.pdf',93),(40,'65912033-c228-49c1-9bf4-5a73f689b3ce',53,23,'sent',NULL,'2022-04-26 11:37:40.630258',NULL,92),(41,'203df5ed-a454-405a-a35c-1b8b9bccf66c',51,24,'completed',NULL,'2022-04-26 14:19:32.951617','https://document-blockchain.s3.ap-south-1.amazonaws.com/substorage/Documentstorage/43e82140-2872-417f-b9bb-1dc6e63a0018.pdf',96),(42,'240412db-e8a0-415c-a246-5eb541bc8587',55,23,'completed',NULL,'2022-04-26 14:27:18.446244','https://document-blockchain.s3.ap-south-1.amazonaws.com/substorage/Documentstorage/ac570977-0415-49b1-98c0-2c561586e6a1.pdf',94),(43,'b749daea-51b3-46a8-a985-eb05c200dd83',55,23,'completed',NULL,'2022-04-27 10:40:24.702296','https://document-blockchain.s3.ap-south-1.amazonaws.com/substorage/Documentstorage/f0c52346-31df-4d2e-a8eb-56dc78683076.pdf',97),(44,'a1f9e156-888d-4e23-818e-bbc2f105996d',53,23,'completed',NULL,'2022-04-27 14:20:53.451239','https://document-blockchain.s3.ap-south-1.amazonaws.com/substorage/Documentstorage/b1da09d2-cd68-4ab5-be18-9ab1969f759b.pdf',98),(45,'56271d8e-519c-4bf1-b2f7-646765decaa6',15,46,'completed',NULL,'2022-04-27 17:52:46.598749','https://document-blockchain.s3.ap-south-1.amazonaws.com/substorage/Documentstorage/b5fb660d-8c64-4d66-8914-abd53b0527ae.pdf',99),(46,'e3f39aff-b4af-4dcc-bb31-279b08878886',53,12,'completed',NULL,'2022-04-28 14:26:07.472118','https://document-blockchain.s3.ap-south-1.amazonaws.com/substorage/Documentstorage/3f8f7c14-2d7c-4ec9-9944-6ac18d6e1cb5.pdf',103),(47,'af04f02b-7e42-4dfe-b34e-bf673c31f29a',53,12,'completed',NULL,'2022-04-28 14:27:23.837941','https://document-blockchain.s3.ap-south-1.amazonaws.com/substorage/Documentstorage/a9fb7dfe-8767-46f5-9d40-d6be06938ab4.pdf',103),(48,'58f9b780-a0f9-4128-bcf2-13da9648dfab',54,8,'sent',NULL,'2022-04-29 14:44:29.822785',NULL,104),(49,'903a6dca-6ae2-4fa7-a2bf-64427fa96d9d',15,24,'completed',NULL,'2022-04-29 15:14:01.681423','https://document-blockchain.s3.ap-south-1.amazonaws.com/substorage/Documentstorage/34ad2377-efae-47c0-a6e5-f1643973125d.pdf',105),(50,'03ea9c51-d3a3-47d7-a761-54fa7a78343b',15,24,'completed',NULL,'2022-04-29 15:26:11.358596','https://document-blockchain.s3.ap-south-1.amazonaws.com/substorage/Documentstorage/657a267b-10a2-4d31-8744-24b24eb33750.pdf',106),(51,'7f8b4a15-2951-439a-90c0-9bc94febe335',15,54,'completed',NULL,'2022-04-29 15:34:56.685648','https://document-blockchain.s3.ap-south-1.amazonaws.com/substorage/Documentstorage/3f4205e7-9f2e-4e58-a4bc-297ed636ecc2.pdf',107),(52,'214b4c97-6e46-4e07-8939-123c414f766a',15,8,'completed',NULL,'2022-04-29 16:13:42.533348','https://document-blockchain.s3.ap-south-1.amazonaws.com/substorage/Documentstorage/202c62ce-7658-420f-9c20-152a200bebef.pdf',108);
/*!40000 ALTER TABLE `envelope_detail` ENABLE KEYS */;
UNLOCK TABLES;

--
-- Table structure for table `hash_details`
--

DROP TABLE IF EXISTS `hash_details`;
/*!40101 SET @saved_cs_client     = @@character_set_client */;
/*!50503 SET character_set_client = utf8mb4 */;
CREATE TABLE `hash_details` (
  `id` bigint NOT NULL AUTO_INCREMENT,
  `status` longtext CHARACTER SET utf8mb4 COLLATE utf8mb4_0900_ai_ci,
  `hash` longtext CHARACTER SET utf8mb4 COLLATE utf8mb4_0900_ai_ci,
  `blockchain_trx` longtext CHARACTER SET utf8mb4 COLLATE utf8mb4_0900_ai_ci,
  `ipfs` longtext CHARACTER SET utf8mb4 COLLATE utf8mb4_0900_ai_ci,
  `blockchain_id` longtext CHARACTER SET utf8mb4 COLLATE utf8mb4_0900_ai_ci,
  `document_id` bigint NOT NULL,
  `user_id` bigint NOT NULL,
  `created_date` datetime(6) NOT NULL,
  `user_document_id` bigint DEFAULT NULL,
  PRIMARY KEY (`id`),
  KEY `IX_hash_details_document_id` (`document_id`),
  KEY `IX_hash_details_user_id` (`user_id`),
  KEY `IX_hash_details_user_document_id` (`user_document_id`),
  CONSTRAINT `FK_hash_details_documents_document_id` FOREIGN KEY (`document_id`) REFERENCES `documents` (`id`) ON DELETE CASCADE,
  CONSTRAINT `FK_hash_details_user_documents_user_document_id` FOREIGN KEY (`user_document_id`) REFERENCES `user_documents` (`id`),
  CONSTRAINT `FK_hash_details_user_user_id` FOREIGN KEY (`user_id`) REFERENCES `user` (`id`) ON DELETE CASCADE
) ENGINE=InnoDB AUTO_INCREMENT=42 DEFAULT CHARSET=utf8mb4 COLLATE=utf8mb4_0900_ai_ci;
/*!40101 SET character_set_client = @saved_cs_client */;

--
-- Dumping data for table `hash_details`
--

LOCK TABLES `hash_details` WRITE;
/*!40000 ALTER TABLE `hash_details` DISABLE KEYS */;
INSERT INTO `hash_details` VALUES (4,'true','0x5cc0510a1881e8118c7aed4b1a44d8be7d22e0b81f3beb8cc468fcceededd530','https://rinkeby.etherscan.io/tx/0x5cc0510a1881e8118c7aed4b1a44d8be7d22e0b81f3beb8cc468fcceededd530','https://ipfs.io/ipfs/QmSXe3kMSSsBfHsxG2xV1wUQgb4sqBsGvLVTz9nD16hrrc','122',3,9,'2022-03-31 07:48:37.214062',7),(10,'true','0x1c47a9d20d6cfedb0baf0d73b0da241349155aadd51116aa2796b7c97acf28fc','https://rinkeby.etherscan.io/tx/0x1c47a9d20d6cfedb0baf0d73b0da241349155aadd51116aa2796b7c97acf28fc','https://ipfs.io/ipfs/Qma6t3jd9wnzPiyadjonCFM3iobX1rf96BqS2h1cZeRZRg','128',2,12,'2022-04-06 14:32:22.612477',11),(11,'true','0xef7820760fa62b776d0d4834cf4fae9fc3a8c6c50085ddde15ac96533012559f','https://rinkeby.etherscan.io/tx/0xef7820760fa62b776d0d4834cf4fae9fc3a8c6c50085ddde15ac96533012559f','https://ipfs.io/ipfs/QmWLofhok63S42cYncVWEkmQsALUPFjuJzZpHnDD7M1aLs','129',1,12,'2022-04-08 05:11:59.611162',12),(13,'true','0xadc0c7ad58f3375b0e02a57cc89293ceff2bd6d8aab1cdadd3021b482852a93f','https://rinkeby.etherscan.io/tx/0xadc0c7ad58f3375b0e02a57cc89293ceff2bd6d8aab1cdadd3021b482852a93f','https://ipfs.io/ipfs/QmYFfbGN9uQoXhSMKP9VeQdmz3jB7r1kpWmoUmbTU6rm2K','131',10,24,'2022-04-12 12:47:21.123988',17),(14,'true','0x31c7eac1db55d7a5048cd7438f9ba9b4b973099129abfc1dd9736ebcfaf15977','https://rinkeby.etherscan.io/tx/0x31c7eac1db55d7a5048cd7438f9ba9b4b973099129abfc1dd9736ebcfaf15977','https://ipfs.io/ipfs/Qmc2gow8oye2m1h6ZPkHQ3rRwNR8puZQruqNyPnhNwCx4M','132',9,25,'2022-04-13 07:27:03.607062',18),(15,'true','0xe4f90c98869b1473dbf2aff5167a29f399f3ac54a0c120a592f233a888805490','https://rinkeby.etherscan.io/tx/0xe4f90c98869b1473dbf2aff5167a29f399f3ac54a0c120a592f233a888805490','https://ipfs.io/ipfs/QmUKbspTVgLYmXCzmRWfda9uQXHmGfxQAkNaaDjesCQoMM','133',15,8,'2022-04-15 15:53:15.806637',19),(16,'true','0xf9d2e7dadf2cb0af75faedb46a581a579389442ddb676f32f2630c7efad683a5','https://rinkeby.etherscan.io/tx/0xf9d2e7dadf2cb0af75faedb46a581a579389442ddb676f32f2630c7efad683a5','https://ipfs.io/ipfs/Qmf9csWGo1aVpRb6xa7D9AR4nfUPFF7wRAd9bs8TghGLPv','136',15,4,'2022-04-21 09:38:58.832215',20),(17,'true','0x1207c1dceb8e577c1249f3ab7b3a3330b9c71cde4e989e042876be21c2c943bb','https://rinkeby.etherscan.io/tx/0x1207c1dceb8e577c1249f3ab7b3a3330b9c71cde4e989e042876be21c2c943bb','https://ipfs.io/ipfs/QmdCiVaRHj2fLk9mpx4gKGshP12p3VC9BbtoL4rd991iTD','137',15,5,'2022-04-21 12:19:54.470012',21),(18,'true','0xcb9f37482e805993c6a9e5a8475b00f09f71d09d547302740d76a7046acfe6ce','https://rinkeby.etherscan.io/tx/0xcb9f37482e805993c6a9e5a8475b00f09f71d09d547302740d76a7046acfe6ce','https://ipfs.io/ipfs/QmbAV4pBVJx3emeaHBPPUYicYeEda2ANN6DF8PCChzy6hH','138',20,23,'2022-04-22 11:49:09.804618',29),(19,'false',NULL,NULL,NULL,NULL,15,23,'2022-04-22 14:03:00.984310',23),(20,'false',NULL,NULL,NULL,NULL,24,23,'2022-04-22 14:10:54.349780',33),(21,'true','0xecbc04ec069b84bb2b1adc0d2a6bd38b97c8365922e80a7ea0462d3680f94046','https://rinkeby.etherscan.io/tx/0xecbc04ec069b84bb2b1adc0d2a6bd38b97c8365922e80a7ea0462d3680f94046','https://ipfs.io/ipfs/QmVae2Dt1mnthHJFpr4ZvnCbMXfGiPCG48SEvVeeDXJWeg','139',25,23,'2022-04-23 06:28:30.061594',34),(22,'true','0x3a2e74d8d4039d359d4a911454fb82f30198f23f75dd0ac3221f4a95ffe9143e','https://rinkeby.etherscan.io/tx/0x3a2e74d8d4039d359d4a911454fb82f30198f23f75dd0ac3221f4a95ffe9143e','https://ipfs.io/ipfs/QmRbNBjjHuMptE3YLcth3fh7YXtTvsfCJP1HHnZhqsnQsH','140',26,23,'2022-04-23 06:53:19.983951',36),(23,'true','0x7942851fb43612f64989eaa511dd174f88eead3f8b2a1be36162a8a25fb689e9','https://rinkeby.etherscan.io/tx/0x7942851fb43612f64989eaa511dd174f88eead3f8b2a1be36162a8a25fb689e9','https://ipfs.io/ipfs/QmRZS11in1X93JJMB5a1jUpHpyfSuXeQaYkTJBRZCED5k5','141',47,23,'2022-04-23 13:03:09.607817',65),(24,'true','0x9f9ce1f85b829e9665894f1ef9ea244094174a646f0b983148377f6b1e0c6d3d','https://mumbai.polygonscan.com/tx/0x9f9ce1f85b829e9665894f1ef9ea244094174a646f0b983148377f6b1e0c6d3d','https://ipfs.io/ipfs/QmXNnbtrV94uejeRL3pVst5FFD8bFXLGtoYAHNZ3XaYYR6','2',53,23,'2022-04-25 19:40:13.099664',78),(25,'true','0x6bc7b948e0b8295fcd34786c9889a368809ca1b77d9b4d5a4cf50ad5ade74854','https://mumbai.polygonscan.com/tx/0x6bc7b948e0b8295fcd34786c9889a368809ca1b77d9b4d5a4cf50ad5ade74854','https://ipfs.io/ipfs/QmS7Gv2c287UJU7ZhYKPJrP23xSpQyWLgTz9R9ndGSNHNa','3',54,23,'2022-04-26 05:38:19.100327',81),(26,'true','0x86b325280b8895992fbc8ddd7d4e6072eaf7f51b2f7aa27b6bc4fba000d2fbc7','https://mumbai.polygonscan.com/tx/0x86b325280b8895992fbc8ddd7d4e6072eaf7f51b2f7aa27b6bc4fba000d2fbc7','https://ipfs.io/ipfs/QmU81zKawHXRyppjngtqf2F6AHjJAYex62ThH9f85881xT','4',53,23,'2022-04-26 05:55:26.434763',83),(27,'true','0x5599069967957677f4408775675faf52c1bdcdb0677d4f682a1cf64deaa32284','https://mumbai.polygonscan.com/tx/0x5599069967957677f4408775675faf52c1bdcdb0677d4f682a1cf64deaa32284','https://ipfs.io/ipfs/QmNS8DWZht1kUxQwuWYEPkaPgUdgGBK6LLsuEWkLG8GTVZ','5',53,23,'2022-04-26 07:07:48.066380',84),(28,'true','0xc3f5c971054dce2e04c72582e01b43e350d8d18759017b82183c83e839905a5f','https://mumbai.polygonscan.com/tx/0xc3f5c971054dce2e04c72582e01b43e350d8d18759017b82183c83e839905a5f','https://ipfs.io/ipfs/QmQUGCC5ffjJuEBoMRfWMC1jRSGTQPcVZKHg57vgkRffTi','6',51,39,'2022-04-26 07:56:59.392452',86),(29,'true','0x5ef1760aab5134a85c190c3badd411967fcb725dc3f86eb5ae81c12d73cbfca3','https://mumbai.polygonscan.com/tx/0x5ef1760aab5134a85c190c3badd411967fcb725dc3f86eb5ae81c12d73cbfca3','https://ipfs.io/ipfs/QmdS3bgXKGWADLXjdAveJf2bFh4S4nm8WCPR1EiKWXfUak','7',51,41,'2022-04-26 08:29:55.936861',88),(30,'true','0x1f1e863123beb33947242518bcf14595de3c9d90f064f6e6fb1c48fe0af5f9b6','https://mumbai.polygonscan.com/tx/0x1f1e863123beb33947242518bcf14595de3c9d90f064f6e6fb1c48fe0af5f9b6','https://ipfs.io/ipfs/QmU6Y2f5BHGwocip8TJxQwRy9j4F5agf1QANGLExHRB3eE','8',55,40,'2022-04-26 08:43:49.763484',90),(31,'true','0x348384e772b6deafbe8f6ef6a8204a2edc144ffb16d7a925d9a336552466615a','https://mumbai.polygonscan.com/tx/0x348384e772b6deafbe8f6ef6a8204a2edc144ffb16d7a925d9a336552466615a','https://ipfs.io/ipfs/Qme965ug4trD4J5MotuSwD7uSjeT3k1pdEmfxnevVrynoo','9',53,40,'2022-04-26 09:27:12.081222',93),(32,'true','0x32da936b69fb39386fbe1b364da1d52530c7e1dd54635f3524a1b215bb9c6c7a','https://mumbai.polygonscan.com/tx/0x32da936b69fb39386fbe1b364da1d52530c7e1dd54635f3524a1b215bb9c6c7a','https://ipfs.io/ipfs/QmNe3qR2sZhnBVG7pyF4kFjZSuBM8oM19YobUD5QpgtxaU','10',51,24,'2022-04-26 14:20:09.175822',96),(33,'true','0x57f1dc8d384d69ec209feed8bde33078b49cdd8d21532b74d1b2a42d5cfc6a1d','https://mumbai.polygonscan.com/tx/0x57f1dc8d384d69ec209feed8bde33078b49cdd8d21532b74d1b2a42d5cfc6a1d','https://ipfs.io/ipfs/Qmeut7JRj57rPkBbvsdLC7kC83b9ncPFGikwBxPDnsmDCQ','11',55,23,'2022-04-26 14:27:54.758130',94),(34,'true','0x4f8075de7bda21eb234023d87abf258ff4b004bfa1767cf296249fc4a0c75dfc','https://mumbai.polygonscan.com/tx/0x4f8075de7bda21eb234023d87abf258ff4b004bfa1767cf296249fc4a0c75dfc','https://ipfs.io/ipfs/QmdFo5YSkK5tWpwRKtD5Pr1KCxuBEdMy3uXajFGvw6ePoP','12',55,23,'2022-04-27 10:40:43.842052',97),(35,'true','0xabf87ad1d23cba738f8d6616077982294324cde4ceba9a28c21c3f694a545d1a','https://mumbai.polygonscan.com/tx/0xabf87ad1d23cba738f8d6616077982294324cde4ceba9a28c21c3f694a545d1a','https://ipfs.io/ipfs/QmaCXaVegTF8totnm53cE7EvG3cGkc6FZvjRGfVqkAfHsf','13',53,23,'2022-04-27 14:21:17.104404',98),(36,'true','0x95b584f42737a825d863a3800526d16eafd099163639bc23128b94cd80918fe7','https://mumbai.polygonscan.com/tx/0x95b584f42737a825d863a3800526d16eafd099163639bc23128b94cd80918fe7','https://ipfs.io/ipfs/QmeU4XduVYKnRYHgoBeyi5p1VaAF9Goun61Tqx1PZNo6bA','14',15,46,'2022-04-27 17:53:05.845665',99),(37,'true','0x583f785a4e2ea1290f177d5708ebacb4e8d5c82c4703998a96b849068e3cd50b','https://mumbai.polygonscan.com/tx/0x583f785a4e2ea1290f177d5708ebacb4e8d5c82c4703998a96b849068e3cd50b','https://ipfs.io/ipfs/QmeM1naWDh8CepY8CCNy1SYxVuFBhcVDF3MzLw1wmCZBC5','15',53,12,'2022-04-28 14:27:39.506164',103),(38,'true','0x16679dc001c6eea8e5046085a61b9cc89ab3516195a228fe91b9542da1e2f14f','https://polygon-rpc.com/tx/0x16679dc001c6eea8e5046085a61b9cc89ab3516195a228fe91b9542da1e2f14f','https://ipfs.io/ipfs/QmWJFH8uzHJKCMGuVZ4RQ2jrUzGPgiXX5dQxJBzWFpoi9d','1',15,24,'2022-04-29 15:14:17.787025',105),(39,'true','0xd569b9f958f19d56f2f47a6026bebc2542918e45e8bbfd99f904f2a7983edb0d','https://polygonscan.com/tx/0xd569b9f958f19d56f2f47a6026bebc2542918e45e8bbfd99f904f2a7983edb0d','https://ipfs.io/ipfs/QmdqRDTaMgsTcqmJSnjEu4U7YvTyhUAAJdVoUFifazvJ3j','2',15,24,'2022-04-29 15:26:27.362529',106),(40,'true','0xe952bf7fa1cfa852d61ccd6132b9e8305a9e34d2e0575730e1757e1c1694f0c9','https://polygonscan.com/tx/0xe952bf7fa1cfa852d61ccd6132b9e8305a9e34d2e0575730e1757e1c1694f0c9','https://ipfs.io/ipfs/Qme38d1aWwTLc4hycW9M7zg45rM4rv7RhdkVWwNXLSZ5kX','3',15,54,'2022-04-29 15:35:48.768218',107),(41,'true','0x0ba901d2792493f0479938395b784276b8ff2c631dfa56c76415fed85080e785','https://polygonscan.com/tx/0x0ba901d2792493f0479938395b784276b8ff2c631dfa56c76415fed85080e785','https://ipfs.io/ipfs/QmdGyqthXYSHdjezqPc4dhJ7uSqrPmCWG4XMVFex3SmJnK','4',15,8,'2022-04-29 16:14:43.155030',108);
/*!40000 ALTER TABLE `hash_details` ENABLE KEYS */;
UNLOCK TABLES;

--
-- Table structure for table `password_reset_token`
--

DROP TABLE IF EXISTS `password_reset_token`;
/*!40101 SET @saved_cs_client     = @@character_set_client */;
/*!50503 SET character_set_client = utf8mb4 */;
CREATE TABLE `password_reset_token` (
  `id` bigint NOT NULL AUTO_INCREMENT,
  `username` varchar(255) CHARACTER SET utf8mb4 COLLATE utf8mb4_0900_ai_ci DEFAULT NULL,
  `token` varchar(255) CHARACTER SET utf8mb4 COLLATE utf8mb4_0900_ai_ci DEFAULT NULL,
  `expiry_date` datetime(6) DEFAULT NULL,
  PRIMARY KEY (`id`)
) ENGINE=InnoDB AUTO_INCREMENT=69 DEFAULT CHARSET=utf8mb4 COLLATE=utf8mb4_0900_ai_ci;
/*!40101 SET character_set_client = @saved_cs_client */;

--
-- Dumping data for table `password_reset_token`
--

LOCK TABLES `password_reset_token` WRITE;
/*!40000 ALTER TABLE `password_reset_token` DISABLE KEYS */;
INSERT INTO `password_reset_token` VALUES (1,'admin@contractmint.io','57d8976b-36f4-473e-84d1-c07d8efeb28d','2022-03-28 09:03:07.110906'),(2,'engineeraarman@gmail.com','06f7c6e7-b2b9-41f4-aa48-59963d7c953e','2022-03-28 09:46:40.235540'),(4,'kumarpvn36@gmail.com','713d9ced-2b6e-4183-bf99-c2c147e143be','2022-03-28 10:22:35.170592'),(5,'santoshkumar95432@gmail.com','a60dd9ab-cffc-4f51-8aa8-d0f834d7654f','2022-03-28 12:19:37.864700'),(6,'darian.francis@law.christuniversity.in','93c25bb3-3814-48a3-867b-a58c1c264b37','2022-03-29 20:17:10.647672'),(7,'praveen.ghosh123@gmail.com','76cdc4bf-3146-4669-8e88-34ce5d1f61bd','2022-03-30 09:58:50.311305'),(8,'calebjameswalker@gmail.com','9d5208b4-7119-4d3b-8008-de2a080c8aa7','2022-03-31 00:03:56.176678'),(17,'aarmankhan36@gmail.com','837e5ceb-2269-4050-ab66-30757e8e6afb','2022-04-03 19:44:31.592639'),(19,'darian.francis@law.chirstuniversity.in','b35162d3-95df-4189-8418-f5eaf2942a42','2022-04-06 16:53:27.637586'),(23,'anitpatel@gmail.com','03a28212-767f-4925-bf88-fc9d545f974e','2022-04-09 08:19:22.879811'),(26,'abcd@gmail.com','d07c8294-db93-4614-b9c0-9e5bd6e1e2e5','2022-04-11 14:29:53.163438'),(37,'cdev9382@gmail.com','e79b69e7-2284-49ea-ae6c-db714e74863d','2022-04-13 17:09:01.491920'),(39,'Testcontractmint@gmail.com','108999f2-40a1-4d92-9c4f-9a1f17d3ccf7','2022-04-13 19:01:38.153098'),(45,'Cwalker227@liberty.edu','211d039a-4891-4326-805f-51d5b9ac812b','2022-04-15 16:48:00.758060'),(54,'test@fractal8.io','2da1693f-262f-40c4-8f8c-4b18fc1abe00','2022-04-26 11:48:21.670466'),(56,'test@contractmint.io','5e5d1bb3-1b6a-4105-9879-13861b5cc449','2022-04-27 15:33:46.086390'),(57,'test2@contractmint.io','3aadde06-eaae-46b2-a312-bb4d3244f6b5','2022-04-27 20:46:34.491147'),(61,'Abcd@fractal8.io','414096a2-7b6d-40b3-b044-026979961b15','2022-04-28 18:59:40.330199'),(62,'test3@feactal8.io','e5b9247d-f272-44be-98a9-f6a18211583e','2022-04-28 19:03:44.444184'),(64,'test3@fratal8.io','e1de3c59-485a-48d8-9a1f-84e78d2fc4ef','2022-04-28 22:15:42.058913');
/*!40000 ALTER TABLE `password_reset_token` ENABLE KEYS */;
UNLOCK TABLES;

--
-- Table structure for table `payment_ledger`
--

DROP TABLE IF EXISTS `payment_ledger`;
/*!40101 SET @saved_cs_client     = @@character_set_client */;
/*!50503 SET character_set_client = utf8mb4 */;
CREATE TABLE `payment_ledger` (
  `id` bigint NOT NULL AUTO_INCREMENT,
  `user_id` bigint NOT NULL,
  `amount` decimal(16,4) NOT NULL,
  `transaction_status` longtext CHARACTER SET utf8mb4 COLLATE utf8mb4_0900_ai_ci,
  `created_date` datetime(6) NOT NULL,
  `last_updated_date` datetime(6) NOT NULL,
  `order_id` bigint NOT NULL,
  PRIMARY KEY (`id`),
  KEY `IX_payment_ledger_order_id` (`order_id`),
  KEY `IX_payment_ledger_user_id` (`user_id`),
  CONSTRAINT `FK_payment_ledger_user_order_order_id` FOREIGN KEY (`order_id`) REFERENCES `user_order` (`id`) ON DELETE CASCADE,
  CONSTRAINT `FK_payment_ledger_user_user_id` FOREIGN KEY (`user_id`) REFERENCES `user` (`id`) ON DELETE CASCADE
) ENGINE=InnoDB AUTO_INCREMENT=120 DEFAULT CHARSET=utf8mb4 COLLATE=utf8mb4_0900_ai_ci;
/*!40101 SET character_set_client = @saved_cs_client */;

--
-- Dumping data for table `payment_ledger`
--

LOCK TABLES `payment_ledger` WRITE;
/*!40000 ALTER TABLE `payment_ledger` DISABLE KEYS */;
INSERT INTO `payment_ledger` VALUES (2,5,19.0000,'succeeded','2022-03-30 07:20:31.064300','2022-03-30 07:20:31.064462',2),(3,5,21.0000,'succeeded','2022-03-30 07:29:09.449756','2022-03-30 07:29:09.449770',3),(4,5,42.0000,'succeeded','2022-03-30 08:06:00.699342','2022-03-30 08:06:00.699351',4),(6,9,32.0000,'succeeded','2022-03-31 07:43:07.979953','2022-03-31 07:43:07.980111',6),(7,9,32.0000,'succeeded','2022-03-31 07:44:21.634376','2022-03-31 07:44:21.634385',7),(9,5,19.0000,'succeeded','2022-04-05 10:41:20.540662','2022-04-05 10:41:20.540678',10),(11,12,33.3000,'succeeded','2022-04-06 14:26:02.209790','2022-04-06 14:26:02.210001',12),(15,5,6.0000,'succeeded','2022-04-11 04:22:11.223951','2022-04-11 04:22:11.224107',16),(16,24,2.0000,'succeeded','2022-04-12 12:35:35.048164','2022-04-12 12:35:35.048334',27),(17,25,12.0000,'succeeded','2022-04-13 07:16:19.274007','2022-04-13 07:16:19.274023',28),(18,8,2.0000,'succeeded','2022-04-15 15:48:31.575134','2022-04-15 15:48:31.575291',29),(19,23,2.0000,'succeeded','2022-04-22 06:25:36.914210','2022-04-22 06:25:36.914403',31),(20,23,2.0000,'succeeded','2022-04-22 10:34:10.220624','2022-04-22 10:34:10.220829',32),(21,23,2.0000,'succeeded','2022-04-22 11:00:09.308589','2022-04-22 11:00:09.308601',33),(22,23,4.0000,'succeeded','2022-04-22 11:28:19.625379','2022-04-22 11:28:19.625389',34),(23,23,2.0000,'succeeded','2022-04-22 11:46:03.323840','2022-04-22 11:46:03.323851',35),(24,23,2.0000,'succeeded','2022-04-22 12:35:21.756660','2022-04-22 12:35:21.756859',36),(25,23,1.0000,'succeeded','2022-04-22 13:00:53.932400','2022-04-22 13:00:53.932615',37),(26,23,1.0000,'succeeded','2022-04-22 13:08:09.182589','2022-04-22 13:08:09.182609',38),(27,23,3.0000,'succeeded','2022-04-22 13:13:36.172843','2022-04-22 13:13:36.172855',39),(28,23,2.0000,'succeeded','2022-04-22 13:14:50.706118','2022-04-22 13:14:50.706129',40),(29,23,7.0000,'succeeded','2022-04-22 13:17:57.385703','2022-04-22 13:17:57.385715',41),(30,23,2.0000,'succeeded','2022-04-22 13:20:10.845734','2022-04-22 13:20:10.845746',42),(31,23,3.0000,'succeeded','2022-04-22 14:08:26.986216','2022-04-22 14:08:26.986431',43),(32,23,1.0000,'succeeded','2022-04-22 14:12:23.201217','2022-04-22 14:12:23.201229',44),(33,5,1.0000,'succeeded','2022-04-23 06:04:19.585321','2022-04-23 06:04:19.585542',45),(34,23,2.0000,'succeeded','2022-04-23 06:21:07.870136','2022-04-23 06:21:07.870148',46),(35,23,2.0000,'succeeded','2022-04-23 06:23:20.845125','2022-04-23 06:23:20.845136',47),(36,4,1.0000,'succeeded','2022-04-23 06:30:03.780931','2022-04-23 06:30:03.970790',50),(37,4,1.0000,'succeeded','2022-04-23 06:35:40.036556','2022-04-23 06:35:40.201803',52),(38,4,1.0000,'succeeded','2022-04-23 06:48:03.896547','2022-04-23 06:48:03.896751',53),(39,23,2.0000,'succeeded','2022-04-23 06:51:17.954584','2022-04-23 06:51:17.954595',54),(40,23,1.0000,'succeeded','2022-04-23 06:55:32.112827','2022-04-23 06:55:32.112846',55),(41,23,2.0000,'succeeded','2022-04-23 08:10:50.873386','2022-04-23 08:10:50.873587',56),(42,23,1.0000,'succeeded','2022-04-23 08:12:29.170396','2022-04-23 08:12:29.170413',57),(43,23,4.0000,'succeeded','2022-04-23 08:20:26.799283','2022-04-23 08:20:26.799294',58),(44,23,3.0000,'succeeded','2022-04-23 09:52:01.511925','2022-04-23 09:52:01.512097',59),(45,23,2.0000,'succeeded','2022-04-23 09:53:19.381521','2022-04-23 09:53:19.381537',60),(46,23,4.0000,'succeeded','2022-04-23 10:06:46.634686','2022-04-23 10:06:46.634698',61),(47,23,4.0000,'succeeded','2022-04-23 10:06:48.038270','2022-04-23 10:06:48.038280',62),(48,23,2.0000,'succeeded','2022-04-23 10:13:22.080780','2022-04-23 10:13:22.080806',63),(49,23,1.0000,'succeeded','2022-04-23 10:24:35.695426','2022-04-23 10:24:35.695444',64),(50,23,3.0000,'succeeded','2022-04-23 10:30:06.722789','2022-04-23 10:30:06.722802',65),(51,23,1.0000,'succeeded','2022-04-23 10:32:39.216067','2022-04-23 10:32:39.216078',66),(52,23,3.0000,'succeeded','2022-04-23 10:38:41.526083','2022-04-23 10:38:41.526095',67),(53,23,4.0000,'succeeded','2022-04-23 10:59:29.741935','2022-04-23 10:59:29.741946',68),(54,23,4.0000,'succeeded','2022-04-23 11:07:17.589592','2022-04-23 11:07:17.589602',69),(55,23,6.0000,'succeeded','2022-04-23 11:09:11.023681','2022-04-23 11:09:11.023691',70),(56,23,5.0000,'succeeded','2022-04-23 11:14:28.083464','2022-04-23 11:14:28.083474',71),(57,23,7.0000,'succeeded','2022-04-23 11:16:23.813901','2022-04-23 11:16:23.813912',72),(58,23,4.0000,'succeeded','2022-04-23 11:21:47.984273','2022-04-23 11:21:47.984286',73),(59,23,4.0000,'succeeded','2022-04-23 11:32:58.500246','2022-04-23 11:32:58.500263',74),(60,23,6.0000,'succeeded','2022-04-23 11:36:43.864747','2022-04-23 11:36:43.864758',75),(61,23,3.0000,'succeeded','2022-04-23 11:45:38.103528','2022-04-23 11:45:38.103538',76),(62,23,3.0000,'succeeded','2022-04-23 11:48:25.633287','2022-04-23 11:48:25.633298',77),(63,23,7.0000,'succeeded','2022-04-23 11:50:24.646953','2022-04-23 11:50:24.646963',78),(64,23,5.0000,'succeeded','2022-04-23 11:52:34.600185','2022-04-23 11:52:34.600196',79),(65,5,1.0000,'succeeded','2022-04-23 12:33:23.414076','2022-04-23 12:33:23.414089',80),(66,5,1.0000,'succeeded','2022-04-23 12:49:21.445484','2022-04-23 12:49:21.445497',81),(67,5,1.0000,'succeeded','2022-04-23 12:52:14.340864','2022-04-23 12:52:14.340873',82),(68,5,1.0000,'succeeded','2022-04-23 12:54:51.424694','2022-04-23 12:54:51.424706',83),(69,23,5.0000,'succeeded','2022-04-23 12:56:01.205900','2022-04-23 12:56:01.205912',84),(70,23,2.0000,'succeeded','2022-04-23 12:58:50.765826','2022-04-23 12:58:50.765839',85),(71,23,3.0000,'succeeded','2022-04-25 06:47:02.065039','2022-04-25 06:47:02.065211',86),(72,23,2.0000,'succeeded','2022-04-25 07:03:40.105354','2022-04-25 07:03:40.105364',87),(73,23,5.0000,'succeeded','2022-04-25 07:54:17.782294','2022-04-25 07:54:17.782486',88),(74,23,3.0000,'succeeded','2022-04-25 08:03:19.263953','2022-04-25 08:03:19.263963',89),(75,23,1.0000,'succeeded','2022-04-25 08:06:00.741524','2022-04-25 08:06:00.741533',90),(76,23,2.0000,'succeeded','2022-04-25 09:44:09.445210','2022-04-25 09:44:09.445410',91),(77,23,1.0000,'succeeded','2022-04-25 09:45:23.754014','2022-04-25 09:45:23.754027',92),(78,23,1.0000,'succeeded','2022-04-25 09:46:37.723449','2022-04-25 09:46:37.723461',93),(79,23,1.0000,'succeeded','2022-04-25 09:54:59.704165','2022-04-25 09:54:59.704175',94),(80,23,1.0000,'succeeded','2022-04-25 10:03:39.130178','2022-04-25 10:03:39.130277',96),(81,5,6.0000,'succeeded','2022-04-25 10:05:33.679940','2022-04-25 10:05:33.679952',97),(82,5,1.0000,'succeeded','2022-04-25 10:09:10.744686','2022-04-25 10:09:10.744698',99),(83,23,10.0000,'succeeded','2022-04-25 10:15:28.787324','2022-04-25 10:15:29.010041',101),(84,23,10.0000,'succeeded','2022-04-25 10:20:50.062797','2022-04-25 10:20:50.240963',102),(85,23,10.0000,'succeeded','2022-04-25 10:24:08.388876','2022-04-25 10:24:08.390706',103),(86,23,6.0000,'succeeded','2022-04-25 10:39:07.037938','2022-04-25 10:39:07.038111',104),(87,23,2.0000,'succeeded','2022-04-25 10:40:15.858721','2022-04-25 10:40:15.858731',105),(88,23,4.0000,'succeeded','2022-04-25 19:36:16.942443','2022-04-25 19:36:16.942638',107),(89,23,2.0000,'succeeded','2022-04-25 19:37:21.196701','2022-04-25 19:37:21.196713',108),(90,23,2.0000,'succeeded','2022-04-25 19:44:15.206986','2022-04-25 19:44:15.206997',109),(91,23,4.0000,'succeeded','2022-04-26 05:34:04.740766','2022-04-26 05:34:04.740963',110),(92,23,2.0000,'succeeded','2022-04-26 05:35:01.289496','2022-04-26 05:35:01.289508',111),(93,23,4.0000,'succeeded','2022-04-26 05:39:51.796053','2022-04-26 05:39:51.796213',112),(94,23,2.0000,'succeeded','2022-04-26 05:56:50.606134','2022-04-26 05:56:50.606145',113),(95,23,4.0000,'succeeded','2022-04-26 06:14:13.812691','2022-04-26 06:14:13.812700',114),(96,39,2.0000,'succeeded','2022-04-26 07:54:51.445727','2022-04-26 07:54:51.445871',115),(97,39,1.0000,'succeeded','2022-04-26 07:57:25.422311','2022-04-26 07:57:25.422321',116),(98,41,2.0000,'succeeded','2022-04-26 08:23:56.760169','2022-04-26 08:23:56.760180',117),(99,40,2.0000,'succeeded','2022-04-26 08:36:32.756099','2022-04-26 08:36:32.756108',118),(100,40,4.0000,'succeeded','2022-04-26 08:40:41.135162','2022-04-26 08:40:41.135174',119),(101,40,1.0000,'succeeded','2022-04-26 09:00:48.855582','2022-04-26 09:00:48.855590',120),(102,23,2.0000,'succeeded','2022-04-26 09:07:55.732162','2022-04-26 09:07:55.732170',121),(103,40,4.0000,'succeeded','2022-04-26 09:23:15.852233','2022-04-26 09:23:15.852241',122),(104,23,1.0000,'succeeded','2022-04-26 09:27:34.489761','2022-04-26 09:27:34.489770',123),(105,40,2.0000,'succeeded','2022-04-26 09:28:04.135918','2022-04-26 09:28:04.135927',124),(106,24,2.0000,'succeeded','2022-04-26 14:17:26.525869','2022-04-26 14:17:26.526032',125),(107,23,1.0000,'succeeded','2022-04-27 09:41:21.819898','2022-04-27 09:41:21.819906',126),(108,23,2.0000,'succeeded','2022-04-27 14:18:31.472591','2022-04-27 14:18:31.472741',127),(109,46,2.0000,'succeeded','2022-04-27 17:51:01.072028','2022-04-27 17:51:01.072038',128),(110,46,1.0000,'succeeded','2022-04-27 17:53:38.793895','2022-04-27 17:53:38.793906',129),(111,46,1.0000,'succeeded','2022-04-27 17:54:24.975630','2022-04-27 17:54:24.975639',130),(112,8,1.0000,'succeeded','2022-04-27 18:52:28.552832','2022-04-27 18:52:28.552844',131),(113,12,4.0000,'succeeded','2022-04-28 14:21:52.999618','2022-04-28 14:21:52.999768',132),(114,8,4.0000,'succeeded','2022-04-28 14:40:36.522443','2022-04-28 14:40:36.522452',133),(115,24,2.0000,'succeeded','2022-04-29 15:11:12.085520','2022-04-29 15:11:12.085682',143),(116,24,1.0000,'succeeded','2022-04-29 15:23:10.785865','2022-04-29 15:23:10.785874',144),(117,54,2.0000,'succeeded','2022-04-29 15:30:58.532959','2022-04-29 15:30:58.532970',146),(118,8,1.0000,'succeeded','2022-04-29 16:11:07.971650','2022-04-29 16:11:07.971658',147),(119,8,0.5000,'succeeded','2022-04-30 02:51:15.376222','2022-04-30 02:51:15.376235',148);
/*!40000 ALTER TABLE `payment_ledger` ENABLE KEYS */;
UNLOCK TABLES;

--
-- Table structure for table `refresh_token`
--

DROP TABLE IF EXISTS `refresh_token`;
/*!40101 SET @saved_cs_client     = @@character_set_client */;
/*!50503 SET character_set_client = utf8mb4 */;
CREATE TABLE `refresh_token` (
  `id` bigint NOT NULL AUTO_INCREMENT,
  `token` longtext CHARACTER SET utf8mb4 COLLATE utf8mb4_0900_ai_ci,
  `expires` datetime(6) NOT NULL,
  `created` datetime(6) NOT NULL,
  `user_id` bigint NOT NULL,
  PRIMARY KEY (`id`),
  KEY `IX_refresh_token_user_id` (`user_id`),
  CONSTRAINT `FK_refresh_token_user_user_id` FOREIGN KEY (`user_id`) REFERENCES `user` (`id`) ON DELETE CASCADE
) ENGINE=InnoDB AUTO_INCREMENT=667 DEFAULT CHARSET=utf8mb4 COLLATE=utf8mb4_0900_ai_ci;
/*!40101 SET character_set_client = @saved_cs_client */;

--
-- Dumping data for table `refresh_token`
--

LOCK TABLES `refresh_token` WRITE;
/*!40000 ALTER TABLE `refresh_token` DISABLE KEYS */;
INSERT INTO `refresh_token` VALUES (1,'u+fAF4XK4Z+kie5L+LAgMErtfgvVjDkHmlKcuClCozVZz0S/1p3sG4fGvzUeKlL8is+SbuwymTc4/qClYxufWw==','2022-04-04 06:04:22.952652','2022-03-28 06:04:22.952699',1),(2,'ltKh6Tv0G3Du3JZp3ib7CPRD2X0Or7aqPDxBlY3K46807iAYsbgcv1bT/dn/TXTjD7hWWEt6aDWLitDEP+4BsA==','2022-04-04 06:05:11.460374','2022-03-28 06:05:11.460376',1),(3,'jg/DImGFoUytA1kv7943cBjPi4V0HIRGjjbCmc+mf7j23jRoTZaQ7NUP0s1roD63DPWwGM1OMt/7erP+a0/E2Q==','2022-04-04 06:49:30.241401','2022-03-28 06:49:30.241403',1),(4,'gzAQTd2RKJGABShb0GSJNzaNc5jhHCKViwMUuhfWph6tpwqZwegzPL3alauA46+lBPJGTxaek5FdfumYQItMEg==','2022-04-04 06:50:20.941707','2022-03-28 06:50:20.941709',1),(5,'Q4uitjc6KsYNjK+fOosdvnHG7lyiAOXoB3OI8/XQb+Ia/1rr18WAiOg+hjAh4tJaF71LzbC0Egj9XABTtun0vg==','2022-04-04 06:54:44.809734','2022-03-28 06:54:44.809736',1),(6,'3HGaMN0+5dp3QlCGPlbf0vUceDbIwe65pzSdtD7JKUGm4LutSAe8bx8XXVLf++IajejUUGU8ncyDgnW6BjMc1g==','2022-04-04 07:21:33.221036','2022-03-28 07:21:33.221044',3),(7,'dlConEbs8uJOt4FgqcJvoZ1ZKfc7fjrU3Q3HrFuVca4haXPTYRauz11QyCF2uQZs4lDjIp+4fyylDuIiR/YcZA==','2022-04-04 08:31:48.992038','2022-03-28 08:31:48.992040',1),(8,'O4FWbmBLJ+dpdM7aeb6d/EqU8Czis0czLK2UfbyPRweAoYWM/YA6i2NCKCnOrd62wnkl8K2WcILBfI76pUj3lw==','2022-04-04 08:39:05.767698','2022-03-28 08:39:05.767700',1),(9,'Gi1rdFzB0f/ZRbxziDE+CiD5KvI1+JOpeE3KesqMlnZNlJCVkgvaPbQLrSHFYDFNeNsCwwdXHD0CRmaIIoeNvQ==','2022-04-04 08:51:19.765216','2022-03-28 08:51:19.765218',1),(10,'09W2WCPFlPgpzMK1C7IyjD0URIOva/U/GtAsTz7taWVzu7e2IQNJMKYZZmLUuLjL/JDw/jAmSt1rzgMYsyCs8g==','2022-04-04 09:33:44.763904','2022-03-28 09:33:44.763906',5),(11,'oOKjA2wAczqHngr/QKWIPTMR6m4+MW/U6Gu0oWNc3kotDyyP1yTYEeqVejiW134Pf70vECtg9gMgp4jKUzu4bw==','2022-04-04 09:37:17.008539','2022-03-28 09:37:17.008541',1),(12,'/zndc5rIG1KNBGEiXF161x8Mgpb5Xs9AgEMdf71gF4515BWVS4sGUgsauQgsBY2f7HuMUAEnrazGgF4u2cTpCw==','2022-04-04 09:41:45.641302','2022-03-28 09:41:45.641304',1),(13,'4rzzCFMGeFhxXIK3vy2eXNZW9sRyNkeJ6fGM6+E0m/h2fOBgJIhz1fpKuKdJ/rDU23DO6Pq1O6Y5mqJfMPVxKg==','2022-04-04 09:42:27.522290','2022-03-28 09:42:27.522291',1),(14,'Y+G3OS1bAzuM3Oqa+4EtOVAYDlr+yC5fx1bJEHkziklRULrhnJZHiAXgcx2egRXflrjBUrUWmbWZGWIrjZYIqg==','2022-04-04 10:54:00.240917','2022-03-28 10:54:00.240973',1),(15,'5fC+cs5ug7d4pn4MqCkLnR0I3FyvneLFLRDiOi2KImQeRIVw0RjBjpyLxq3vnbWCC10T971iMdxnxCEImfosng==','2022-04-04 11:06:23.030777','2022-03-28 11:06:23.030779',1),(16,'Vio/WitPYmRaFlSXHvtonoYasy/duulvLbb79mA9SdeRWe68WCW/dAnIUMKWmt390fdsq9De0esZZsf77l/qiA==','2022-04-04 11:29:40.512331','2022-03-28 11:29:40.512337',1),(17,'ZqZyqhLwtY+/F8+4an6qw9C1aQp5PuLL3H79CfUlrYhXRjQ7v0mWM3A62Mkn8wrz3kpwWEJpmJkvhz7gkZcn3g==','2022-04-04 11:43:42.140508','2022-03-28 11:43:42.140510',1),(18,'MH09EY5g0i0460YRj4FairKToJNKb324Tq5x8hKC5XA+5Krd57SF3XpgyB4oCjMzhTfDxskUsV9zkbH5eUmCTQ==','2022-04-04 12:10:32.450421','2022-03-28 12:10:32.450423',1),(19,'ah+LgaoI8kyuR0OfjGaW0p5vKR2GWFfy99QK+vs8DgrS88BnK9pzwPGUB9vQ2yK1lD4a9NWaaDi7ATFXSsNWyQ==','2022-04-04 14:09:17.890196','2022-03-28 14:09:17.890256',1),(20,'0KRI8+3+cdGDUD6htowtQz5uFZS2rbbGf+8gazod6+QMEehk2h/YErgwVF0N5dR83X8t1CkYFyhBVhKH8D19/g==','2022-04-05 04:26:13.418456','2022-03-29 04:26:13.418464',5),(21,'BSM4JKxfDMneCPzsZ5v7wqBtVsfjD3lsa9wOEEGqNEX/iK174QEC7w1AiG4jGIqiAmBRUCY4a3exq0QUOgJiOQ==','2022-04-05 05:35:02.003433','2022-03-29 05:35:02.003436',1),(22,'s0XWgtrhXqMgn/fvba8ozQfgCn6+mECFtAsFSL51jx1sO2Kc4P4wNTnsalb7HbwxPBXklBAxoiNyEdlizqVYKw==','2022-04-05 06:12:40.813061','2022-03-29 06:12:40.813063',5),(23,'k3imKT5Q9gL9Xox1pVtkH8tJXyd+/r29fpwZvobeUoOSVngJgMm7O/Ij85JJyCaB89sm+QgVa0W4gyTn/PG6YA==','2022-04-05 06:15:25.923156','2022-03-29 06:15:25.923158',1),(24,'Bxuh+NembKm5nohmThlzB89dg6B9y6IRGLNPPPkARYQyX5A+HTzqXaCIuJtRb+zf1h2ofaZmW1my6LNrcgWVEg==','2022-04-05 06:47:31.349220','2022-03-29 06:47:31.349222',1),(25,'zNSIT/ZiBEyZ0BDtJW/9iyIllBeQNEzZ+wRsk0VwJuaEm2XUddPgY3pfbe923NzE6R5T0VZDDEhCtEKgBVMGfw==','2022-04-05 06:48:56.745924','2022-03-29 06:48:56.745927',3),(26,'CrvVDppKUPmySzViQc8Sc3zvGtez6bm76efl/4xKLan2jWUAl7Cy6xh/D3yn8/jXmEtPGH7+abJ6J8HGTgbKGw==','2022-04-05 07:04:25.696146','2022-03-29 07:04:25.696195',1),(27,'OVHG+BuClF0rGMtjH93Ps4yXgZ+KL34pBAR5xItR4GbHv4Y/xXHM2EeP2VGrDgxpVUQmsU0PGyiYRV8JM8kxrQ==','2022-04-05 07:20:55.452316','2022-03-29 07:20:55.452324',1),(28,'Hq1rWgsKHBcTN4zkmR0u1ZVEiS0eVWxPSUJY7w1yuGLl3NRnOCrSvXULspbQ84m7+JYDjIeBHXpBkNjt0GNHiw==','2022-04-05 08:08:24.640320','2022-03-29 08:08:24.640368',1),(29,'Oocu1xHlI3VQaInF3xatrK3jTRbQI+AqqReiNitjJ9cH/XLFtro2AJgp7k1PYUKfHI3jWxLZHa0hs/PHBMm3Ng==','2022-04-05 14:18:43.609981','2022-03-29 14:18:43.609989',1),(30,'UL2mNf+KW3ZwZz03olk4d7LHDA/v4mSLc0rd1IJljQ6GULSAzTvjf6XzeMuiDbI+lt5tvQp5xbGdZ022Vch+Jg==','2022-04-06 04:56:50.359376','2022-03-30 04:56:50.359378',5),(31,'/Tlu2eMy1ZAQkUNbP4VGGcmZyVPWrGFBz71QSYFZjtiT/z/6hYCbk5AXJptOfcivR6ffuQQyAxUEkPjxcsVxzg==','2022-04-06 05:10:46.989673','2022-03-30 05:10:46.989675',5),(32,'UTnIerRaltgVmtavqk9ZM7OoW0Uklvp4caw0ykBpMj4ru2RPW3l13RuXV9XuzXMx8kkbEwyTpqgvp6HYCdo7/Q==','2022-04-06 05:14:00.693544','2022-03-30 05:14:00.693545',5),(33,'rYq3/7yKZGytNWd17ud2spLC7z7GxCOjRuaYDrm5z2G6wbGniGqBBav+hSnRFjBkS8h4x2nzchSGiNytsCBaVQ==','2022-04-06 05:15:24.691018','2022-03-30 05:15:24.691020',5),(34,'qMAi6YwSmHEnDsR61Pj8SvinFM5tsFFt8f4P7CbfBgy3lyR2iSjBkUBDeqeOuQ56R6RxOVx8Yr0w0kO26z2/yA==','2022-04-06 05:16:29.016957','2022-03-30 05:16:29.016959',5),(35,'brBcRIeMLew93y0HyPLWY6DoZMW/5F7dNBeIH2lWsJNjnAKjVt24p5EuhR3GQ7Ka1FcKTGc0iRQBqH9a5klvAQ==','2022-04-06 05:17:12.673979','2022-03-30 05:17:12.673981',5),(36,'N90CuLz80EDp4KRFRWTH3w8qMyNxmHOzzZiGXK2gfyN+9Bz/3Gz9/KRs3U/BXYIJSxfOuQUrCnJsEJfo3Mjtpw==','2022-04-06 05:21:25.518282','2022-03-30 05:21:25.518284',5),(37,'NQI8UY/kroEDeGFPspfGrgf/PZ+VB5vybh+wXhZIpzMwb1WrqLjDB7ScHNrOs9SOgkVwJgXEZ90WzADnD8NV1g==','2022-04-06 05:32:07.435169','2022-03-30 05:32:07.435171',1),(38,'rP7MU62+RzYhCOMnrfGh0WFjvZ6QRV2hnTvT5XjZFe9o/oes7V3uA/iYtUejRwL+tD4ywTg3D3eqtLFHwP2dpw==','2022-04-06 06:38:51.269061','2022-03-30 06:38:51.269064',1),(39,'eot3MAt/GtHDtgr2syI6i+9YBAgioWjZEcHV/D+O3Ya2X3KA0g/1xjDYu2usyGbzLYiUqgLP7ahzQ16qbLR0Yw==','2022-04-06 06:53:43.151002','2022-03-30 06:53:43.151005',1),(40,'E8BNBZ0XWkWZJEEzwboJfQGrzXyYnSSzeZ0+psEp7Kw2scweHv6EY7AjNcbZhtXaQDks+Io/GsIIhdlLtHxYeQ==','2022-04-06 06:55:12.308628','2022-03-30 06:55:12.308630',3),(42,'qh7wZ8UFh8StCrQ7A9xQGYJAHlNp3iPR3jASNUyCUU6hS4sH5Otuz4iv4TEJ5Q8fbg7WlegdtvyGnR//4WmC4A==','2022-04-06 07:19:30.710218','2022-03-30 07:19:30.710271',5),(43,'AvacEP8k+V+QqvwuCvPBpIfB49sU8DzSB7Jxyv/rx7f5bt5Xr/9WF69S/acd4SyUH5xi10LcYzSVX9jl6pv+yA==','2022-04-06 07:24:04.555252','2022-03-30 07:24:04.555254',5),(44,'n9SyMSdfttgQUm3VRRTNCVMCcCyODE4OefrJ7m0F7QyGK0/FhsFbYTXs/VzN2R0uveb8bFzJfYgibJRJsnyc3Q==','2022-04-06 07:26:20.233759','2022-03-30 07:26:20.233765',1),(45,'f1+k8BYpPqjUzqeIiLcjYDoU7Mhxd+u2+UODqL/GC0Nl8DoRkwLMtcTbuXK/CL89vFkVUFdPodfLVzRPfiyMvQ==','2022-04-06 07:32:26.122755','2022-03-30 07:32:26.122757',5),(46,'J1xpI/prPXoTk8JhT7L3Ae0qIrXBp/nFZ+x8riWRp+j3YF/eONcYCFlJAk6jKvU+k9FxZf3KHLJpeqHnjSg1Tw==','2022-04-06 07:38:07.789091','2022-03-30 07:38:07.789094',5),(47,'I7d3N6IEt4p1PpWa7rOF/uGfKrS1kFJ5hKXVL8Y6Jr9GxN6suzuFJ+r2AcVPcpZnFjNRK2oPzj4RrKrtSpjDJw==','2022-04-06 08:45:22.321293','2022-03-30 08:45:22.321295',1),(48,'+xzGrtW/i7FN/c9+i3YV8yNtUgwagmV0oI5Lu08Mmni/ysR3+YEQ5+hdmCjylwjfngcq0Xa+2En4u5Jo5aOiqw==','2022-04-06 09:22:04.734535','2022-03-30 09:22:04.734582',5),(49,'/6hQGXp/mE8pZCVnxj8s7k/OtvqLDR4YuBk6oUO8Pf3SJLeBl3YzO8T0Osm3dndBG+r+GoV7a2JyKeq8e0yD8w==','2022-04-06 09:33:17.717752','2022-03-30 09:33:17.717889',1),(50,'Yy4ToSS+RrlkbDHqj4LFNDMNUChN+5/qNBAwraLUv2vhYg7gPk0+rbL2ETevp3JTWAQY8pUR3Zp/3kMhDu9cXg==','2022-04-06 10:10:30.536722','2022-03-30 10:10:30.536774',1),(51,'VSjRAjG6TDqKZZr8mcX870TS9PTsHvhFUTFvf6FIfSL6XwEyd/grlU+KdWOC4KI3d5QfYkpzn1GH03hFmLRnJA==','2022-04-06 10:24:49.170731','2022-03-30 10:24:49.170733',1),(52,'L5oap6bXLsmV7FW8y7PG2Fq+X3Qk5vtEYYcLJX+intysdjJhS/8sB/KJG2McvoTbNUCYdpdn27zxMZj5pHfrew==','2022-04-06 10:33:50.910188','2022-03-30 10:33:50.910236',5),(53,'czxkWnhu+940AjCLN9QU00QkLhAht9fetuW6ReJ6NVasAZvxSFcSvLx96nonz/IfxROrPdTO9Z7AXOsfANOvOg==','2022-04-06 10:34:55.648220','2022-03-30 10:34:55.648221',1),(54,'tJJpeyWLN38ysQqCnELkJuf7KCEckEvwBGB6Istc/40hKEZWxWEswaw4hb+Gaqh/aXDd3Waev65H4E4IUzbj5w==','2022-04-06 11:02:59.929209','2022-03-30 11:02:59.929215',1),(55,'Do6s3jMWM+3+Skhcbaxqx7PZaCOhYOWHZpnfklmx2HX9Og/e0LkDpbcr46ZfYDdrAF5vgpyClR+D9nMKD/4pAw==','2022-04-06 11:06:07.443645','2022-03-30 11:06:07.443694',1),(56,'odYe1uhoSvhSrGGeJgLOMSe71s2WVPKlwoKmDO7WoB3wqVW6O1Vt85uPRMCkZvLwG3rhpea5/TIkObTT/WR/QA==','2022-04-06 11:08:34.815310','2022-03-30 11:08:34.815312',1),(57,'UFwYp++HaqJC+mLH/vMzwrHVMa0zj2/V/MYZBfEF0LeOhi7kc1Pk/w4eZDVx6gWTtGHLvNpoLP6wHpD30Om9vA==','2022-04-06 11:12:07.208731','2022-03-30 11:12:07.208733',1),(59,'8JH2SKAmwapJasrQhCMHAuWCTSx4cRJju04mbkKI5MoxHJRrSl974bqzZxvGLbJiZ76wCq2janMSI14AyvcMtQ==','2022-04-06 11:14:21.934956','2022-03-30 11:14:21.934962',1),(60,'6O4z8QVg9dIWSTpo6a40JdBcQMyZ+tmDxuWn3yywcB/diqJBrvotg3p/f+KY6pIDp0Q5sbQmTj79Ye5Hq5cgDw==','2022-04-06 12:43:02.009828','2022-03-30 12:43:02.009831',5),(62,'wouv8MP19D/W2WTkznL3ip2l3tf5okiAIqHbyap929IB+V2VYt5PLW97BtdaDYzjWK7IvOFZeW2Briz7nPZ/Xw==','2022-04-06 14:30:48.260342','2022-03-30 14:30:48.260344',5),(63,'BCRw1312MvbRp5hV8QmLtj0i6jGYkosenndPeSLV6a8t6eCVSesqlbaDfWcl09bMAHwzR/2gBGe34dGMmyINaw==','2022-04-06 14:37:41.890245','2022-03-30 14:37:41.890247',1),(64,'B3uLkwKeV5ZCmIJ5cqbPaVHIeGzl1Djy5cx4qZ+SuaubQBkjYNmtda9Fs5gPkN789Tbl7u5LYtq1mY+We3ImJg==','2022-04-06 14:41:13.701776','2022-03-30 14:41:13.701778',5),(66,'TnYsl7FT/1WyFmNzQoBWCLLha7m7B8z8GLXEIRwsFsuylCDh29jebmowWRKoksgtC8fh2r7rMfd5Ixc+IE10rA==','2022-04-06 15:08:58.324915','2022-03-30 15:08:58.324917',1),(67,'tJFX++izy9WySRhqPanV/EL2teOhqGFO+R1bqMr6s/mEDy4M1y+6ozm7ApQtAKIEK8pyhUSiwxSkFQtSt84QHg==','2022-04-06 15:10:07.347650','2022-03-30 15:10:07.347651',1),(69,'OZtHhS/a5O/4MFFlADrAIS/QU8qN21bkn53zbSLmvJcdiCv2m/Qyg/3o2xAqsF4X69vV3H4ixJrIYDPR1lqn8w==','2022-04-06 15:11:57.937301','2022-03-30 15:11:57.937302',5),(70,'GqgCNZt4kUxX8YnrvMjqtG12RZlOHqLa++MSYsum31Gqr0k8X/0EvKxrBtkLy3+0XhLjmVRPqKU0AVq6woeaPw==','2022-04-06 15:28:19.544397','2022-03-30 15:28:19.544399',1),(71,'FP/IYMwtDhuLHLSPf17yY1xGd9Crv5D+p4UaiAavk7juCQfZN2hfF32wgfGM0SlQ09ufkIklSzxf/IqqlQgHNg==','2022-04-06 15:50:09.995154','2022-03-30 15:50:09.995156',1),(72,'knB3X/IiVDT7VfPdcvAmWXygTxCXeKf1m/VvJRNul32FpOVb0gEm+H4D0je4LhWV0NGXWQqlFZkaqLfuYXCyEQ==','2022-04-06 21:00:49.937058','2022-03-30 21:00:49.937059',1),(73,'Cu5caV6qAVP6kcrIYBEK/jbWrHOmJI0LAErHvP38qnXIisisADQNt5lHrAUrcAtn+kABFqCnICMGqcMdE7KzGg==','2022-04-07 04:14:58.160851','2022-03-31 04:14:58.160852',5),(74,'llj0Wq6TBmdqQ6DvftiEeghkTWL9hCHWRMv5u4aB22+Nnw7HVkaB4ZAQGvX4YG/qE5sjfc6zdciLUa85yxGmwA==','2022-04-07 04:18:08.383093','2022-03-31 04:18:08.383094',1),(75,'kyorAFchEh4MfYVPeYdsjxu78OC9WV8617q3O6BkmcORENGyXmw/zq3Ae3EjKRZoRuB5T91LLM8XWC642OZwtQ==','2022-04-07 04:21:09.079647','2022-03-31 04:21:09.079649',4),(76,'SazkNqBjZvEAsrq73hXJM2Cn0fry4Az44RpnzOdbTIG4ZDvCddT9/OfsVk04sLOuqV+39O8hX0gKXn0MPuLsXQ==','2022-04-07 04:42:50.179937','2022-03-31 04:42:50.179939',5),(77,'yabhu1tqwWrjMoj4Pv867hXM6VeGrjC2/arq2GaKDkdvPoD3WryR4FEt5vAnz2RUfqewYTz27GRuB6U/h66qtA==','2022-04-07 04:45:09.604032','2022-03-31 04:45:09.604033',5),(78,'awCzIJVju7jIfMmC11sPd5kpQupnmEMX0T2vOkzJXJsxyO8kXd3JBcOqtbqMB2gBin61++8fnGiE2ASafP6aTQ==','2022-04-07 07:13:32.889693','2022-03-31 07:13:32.889754',5),(79,'MAVOvpYZLjUweQ8n0rAMoKXH9U1Xm/alkmLoFd+S4B3G/N78BFWXladIhBWPuQB+DHYZzlfpa7/CTq3kECBi5w==','2022-04-07 07:16:16.654676','2022-03-31 07:16:16.654678',1),(80,'TUMlc2wnXH3HTwIK2b0MbyXx9lU6KDJuGvtlDfs0KlYKr3SJ0ThM4DjkQnlHJw/1X+2Mpg6YBdrIhl0OpdmMTw==','2022-04-07 07:36:46.767231','2022-03-31 07:36:46.767237',9),(82,'HlhAvqyY1oAVupSkUz9jNkDq1j7jjmcZE0X7hRRqUCP8QhhUJcur6Zby5s87/pA1LKji/msKqwa7Z0ZKtN2I3Q==','2022-04-07 08:18:06.764023','2022-03-31 08:18:06.764025',5),(83,'ZRVHzAw5xWX6/havpKV5QkblnInOsWUCQgr5viQTOnk8fVTqH7vgiOnnCKbfZExSb8OzZuVDvzjQELWVUbX34A==','2022-04-07 08:29:09.798878','2022-03-31 08:29:09.798880',5),(84,'Fo3Yq7xQqxnjTngOXAk8jbiVP+bdvqvKHAzDGJBQfVFK5s2sINNtNqC9/32N8L2JRd0wzH9O69J08y4cO5xoTA==','2022-04-07 08:32:29.026650','2022-03-31 08:32:29.026653',1),(85,'pOanpG1Nf+dd+t/+J+bYmcoQGrpmT3mStzMDOLApDCh+Klxz41/UwvgvP3D+S6ntPz6BMCSKhWQvi3hPS/9AjQ==','2022-04-07 08:50:49.189651','2022-03-31 08:50:49.189653',1),(86,'+j9qseoXAR0Kob+096h1S6B7adLJP4Z3jkP81lXieQmTZZ3bjMaqWjfXSxkbkl9j9VuScrKO63SVGHcmUF/Dag==','2022-04-07 09:13:48.869699','2022-03-31 09:13:48.869701',5),(87,'rPg8ylDo7QY/Lrxcj3Zw820zIbHVzJnkdDPKmT04GBb6dFAsyN3CrpB4eNeZN977psyqDOxFbhMCD1DZxf1s6w==','2022-04-07 09:14:05.866875','2022-03-31 09:14:05.866877',5),(88,'c22LcBipzfysCY4XjMFm8xa2YOLpbc77+DHb1DHaMCFcSctPywlImfv36fi5so0YTWIo9U6K240bCkIThqXFEw==','2022-04-07 09:16:48.053101','2022-03-31 09:16:48.053103',9),(89,'nQuZxRqFl9etbHwb7Yznu1jdBKtXhd34izIqo5YTBze8S39BlTCEQv89EQT4mEYsB5PZypYiPn07lR+Z2Iu/Bw==','2022-04-07 09:39:04.274976','2022-03-31 09:39:04.274978',5),(91,'6U7dcsHWYpFtRpMfBACPwVkEs4gtIvHdXvfzmNNUMdZrgxZizev99JHPbs2s6YG7zU2RrVFaJGDCHaqC6dL8lQ==','2022-04-07 10:56:34.327970','2022-03-31 10:56:34.327971',5),(92,'EgnY5AVpeL8pLC2qBCZpprM5V1GzhQqovEhySvBrYQCziSkk8rYX7MxDZCzmGy7eBkSfR+jBX+4OR7mDJ2YU1g==','2022-04-07 11:12:48.537247','2022-03-31 11:12:48.537249',1),(93,'/pRkMyYERTIoaqJHzqzqrgjbcMHourI69/kg4qOpXhjpqZ3LXFYiNiNxtHdzjc/V2nzt0Eez26RTg7TUovTT3w==','2022-04-07 11:28:39.812176','2022-03-31 11:28:39.812177',5),(94,'nNjxjlprXJAUjT7tUGqziS5rHZC4ouZgs1sgW0TAgT/xGtIWW0Wb2HzINVjB+tbj0jPcY6CuHPiRdoPERicHMg==','2022-04-07 12:10:52.963578','2022-03-31 12:10:52.963580',5),(95,'6IpknuPM3vGXlgZaapJn1qMUhWNAcqIF7MCzseU34Mhdiwe/GoOAmJb9P83wAXDQ4VNrxrppYem4VLmK7bIOGg==','2022-04-07 12:16:49.082397','2022-03-31 12:16:49.082398',5),(96,'nZAhXM/UuVA/GiD8/hBFOmyWNRUDOUfI02cSC+ndAwU9B8EippC+UAWtJWhwHLrmoE9OxKpxKgpSH13KsgbCPA==','2022-04-07 12:43:07.777038','2022-03-31 12:43:07.777041',5),(97,'62o9anvaHPo/RU2M5qx9beUUiKF3bfX3KFejA7i/mf/Xm4pdtBi2EnFnHhqq0P4w4U5z3bUbt8VQt5meYMcKFQ==','2022-04-07 12:44:06.209387','2022-03-31 12:44:06.209389',5),(98,'w2NsS4e9FyOVs37/BZzyKWjmxLxf0f0JdGDxxxwX7cNTya2mQ0HyqzUsLFAfx633lSw0Qj7d1JenzTsuu/EEFA==','2022-04-07 14:03:35.473682','2022-03-31 14:03:35.473684',1),(100,'FNEm+/KwlHbs478C4tiBnuSK/5O1HXuyT/m2jyJYodw4mARarb7hzgpvDzlalu7fgSZRWgq2SGRzQyyQMIxdnw==','2022-04-07 14:04:28.151342','2022-03-31 14:04:28.151343',8),(101,'nApUrq0zd/F6aIFWmlYq5bffX5S1WJIVapNbGizpa66/MIyUOhKIvUhcVkuj9FzKKGbaxy8kqXQR634xpz8Nvw==','2022-04-08 04:29:43.686885','2022-04-01 04:29:43.686887',5),(102,'Yul6zx2LBnFMBnqJmECIYlJj1ePOka2Md1Bm2YOIJAeJCGiXhiTuOolBKqbeRGAPz9dU1/GjchzogaUBv+Nqaw==','2022-04-08 04:30:06.821289','2022-04-01 04:30:06.821290',1),(103,'WfDj7t2NektnERYZxXkjjouA+QWl3Ahe4pAYgm/jxyS4wz98oIZD/0BiaNZTa76GpM07V92D/1V1nHmCI9tzUA==','2022-04-08 04:40:46.325360','2022-04-01 04:40:46.325362',5),(105,'8DUNEMkB7m4M8tqEOsj+lPCesnp1tBj4BbJyq2Pfg0Z2DZctf/lBrP22l+buOOTCDyZJ5OR1LtC+m9OqKZuM0A==','2022-04-08 13:05:03.868461','2022-04-01 13:05:03.868463',1),(107,'tAWNWY6Rb5T/NB+uKAmZ5E6OGnatKqt1y++c4eHispDkm20CgF9gaOO2p3MdV7K0yNa0yxaRpVEYOVRyUUAy5w==','2022-04-10 17:02:42.351058','2022-04-03 17:02:42.351060',5),(109,'RBcfH6QbADHE7Kiz9VA7x5R1qBk6tkWIE96qWmdSonMbDuVyTP+d97V8OmJUaVeemVC6RvAIvEeD9TxCZT/V3A==','2022-04-11 04:20:58.429809','2022-04-04 04:20:58.429810',5),(110,'QzTh5p8gnKM0/ppbBVF4583B+PlUpdnzjD7hzHhQc/2Uo9GqdW6dTy+cGNxFsBNE9dImglW9k8rzZtNXLILJ0w==','2022-04-11 05:17:06.626193','2022-04-04 05:17:06.626194',5),(112,'iapHjePGDKSGTxn9fycctO3kz3wIO+cbjFerrn9v641/rr0StKDDfeZvEFKG+Ov13+/uGtwirrn0iH/yQd4o1A==','2022-04-11 09:48:23.884325','2022-04-04 09:48:23.884325',5),(113,'stChFP5deOkJ+y7hGPeJ2g7f0F4+yeHTSBFuDuPkXrX0vZB7GDAFXsuIqhHZlQb3TCa5r7ev9zebHQouNEPa9Q==','2022-04-11 09:57:26.990891','2022-04-04 09:57:26.990892',5),(114,'CXYneiJH57RcGBpIgb6/6lCvSS2+FWjjkGy6PvtlQGAwBTEYee6rB8Ml3Q9UvOqn4hxi7dz0NKhvfzWtf1oHvA==','2022-04-11 12:39:01.546546','2022-04-04 12:39:01.546547',5),(115,'Zp1IhWURlmaBjdjEzIYelQlloKJ/lT+YbfJe2FlIX5uug54ixJ4UcMAWTbDOCzVulKMH2Boz/Es/mB0Dy576PA==','2022-04-11 12:50:20.274660','2022-04-04 12:50:20.274660',1),(116,'TWeG92D3g2Xkq80x65jI2U7sWci4fLZrzHBDF1//m5zSZYrhhOsPEZNrBAxHUgN35OHTrA7M8J40YT5Ge5RrNw==','2022-04-11 12:51:53.187216','2022-04-04 12:51:53.187217',5),(117,'wX3QXb753t93kR+flSYjVf9yGVbT93Pmw0h9gBjC4l9U/57IP0qezlDnkqSh7QvoxmsrhOCo8roWAEkmx+fJZA==','2022-04-11 12:53:07.999136','2022-04-04 12:53:07.999136',5),(118,'XkJqp6CmZN/PVDIM/OOAnxgC+V/kJ/c7wALXSefyeubPaSgV1Ifu02kef8z2aBGbgbu6+cVfRLdk6S0t5Vi/cw==','2022-04-11 13:13:47.539448','2022-04-04 13:13:47.539449',5),(119,'7XnCVAKdWsd3vuqjBIlRyKI/w29nSD/Xc9Ib8zGVIluWBlA9lOyRaQf86uxs8mshgkwV37NvlyrC3dBnxUYoIA==','2022-04-11 16:36:42.176760','2022-04-04 16:36:42.176761',5),(120,'LcbavfCKaO/8UWyKFQmEb6gr1JFRNkL8F1ZHeiUVKd17T0L+A6ZmyjEz0iLDR1B+wWUdENy53EQafUEn47sF0A==','2022-04-11 16:46:45.797233','2022-04-04 16:46:45.797233',1),(122,'zUdOjO2a4954x7F4cVJWALBR0w4lZcTnKmXUKcSKZPRlJbnbFKO7LbJZhNbTC6OZzZVRkFvzOPM/wI5BWSzPXg==','2022-04-12 04:34:55.625439','2022-04-05 04:34:55.625440',5),(123,'DfcBh416KJJHffoqX94fyWPZD08gnX0IF36P1nJSufosH/0BThZbbjLYwCzeLeDd+aZEjuHFEVJL4THWraezCg==','2022-04-12 04:47:34.943705','2022-04-05 04:47:34.943705',1),(124,'whZjEdmfj4hUke1UmjdcF07gfGdWUqgPvmGUdpwxtA2PCeHZ4ySR/gENdyjzPuqsuaBI3haClrF3RbaXl4j/CQ==','2022-04-12 06:28:18.361543','2022-04-05 06:28:18.361543',5),(125,'RXgdwsUMzJt/FlkY9SqOp56VS9LvuiyG2i1KYuo1ojePKcH5QM31mJSCBIgF05+gRGuLbVNKmV2LYQlZR47FNw==','2022-04-12 07:18:25.784592','2022-04-05 07:18:25.784593',5),(126,'Ci6uIi9+ddGXHh4IgBQZ2MQ2gZC9VAGauFAMbbI2p2zyF9/gMRNZ9TSkvmYi62IpRc5/dfrut3X5kPhoJb3wWw==','2022-04-12 07:24:30.329760','2022-04-05 07:24:30.329761',5),(128,'Tk2CSLBNx9pX8UU944SsQ31uUXkorKUZisblb/49YZF2JCUdPDZ+RcHCYKsQ7Pd53elpSJdeUlF2In+n0wGnsg==','2022-04-12 09:08:17.250786','2022-04-05 09:08:17.250787',1),(130,'wALVRUxn0nzqSNmVOFa2wTzcC/PlKqH9uKEl3FfARaCsE4i+IFMDgOOmexhYGci2x3ueERL1ZBTMdWJKPRD7kg==','2022-04-12 09:16:26.978414','2022-04-05 09:16:26.978415',5),(132,'d31jls39OfiiPaAXj+ELLk+x/zOVDKQstU4XmVbugoahEWdqBh9YTfbrSFhmO0wlbbtE3c9kFvgZoQFJHGsQ7w==','2022-04-12 11:16:11.302663','2022-04-05 11:16:11.302664',1),(136,'dmZGSmAlIlkMS0YE3YUFw7HFhZ1Jjn7CjV+bK/H5LvOf345NHcevBhALeWxVvx2vP/bp3v4dCGTONaorm9sqhw==','2022-04-12 17:42:34.664546','2022-04-05 17:42:34.664547',1),(138,'z0Fg5YLtHEnSHj4akcsNuE1UXDkdpb9vI1XtYsqZ1uQ3QGbvhms4BAxECK3UzSL0L3a3Pe4dA9LA+35iUy6hEQ==','2022-04-13 05:25:00.721577','2022-04-06 05:25:00.721577',5),(140,'Ev9rdcCV6tNRnklyZgFRaCWtlI5GO4hvc4nXUZoXmH4TWVsu02ipI7S5b9TjZIdnb/l+iJtl/wHtf9506kOe5w==','2022-04-13 05:35:17.727605','2022-04-06 05:35:17.727606',1),(141,'CWQN1qYol8O59gX2FSATTyhFlCBV9U9NoACKSOX25acafkrCyNpCamJMOyjqCxd/sqQOSzCb4EkUK96XXMIUvQ==','2022-04-13 05:36:52.292212','2022-04-06 05:36:52.292213',5),(143,'vkkS+++aIOEOLbK9WF7F6U75d5+jCj2vIa3tNjQw4iqTpUCeaeK4aTHlPvsNq8OzCgToS8jnHrIk2zxIv2OjRQ==','2022-04-13 05:52:54.668064','2022-04-06 05:52:54.668064',1),(146,'Vr1hWTtkS0QBu3o0kjV4Bj28/d8Wcdkpe6suPUEQdU01BmX5klyGPtV18dAQgkOljzaos9FM8WZFLdGIMYTS3Q==','2022-04-13 06:57:19.444455','2022-04-06 06:57:19.444456',12),(152,'NlTHE8G4fwxWHmtfDRAcavgGLdETtHltd74T4r11ZPShluP4/n0yxhkiS+4N4jBm6N6OdraS4X2jHoXhY/hwlQ==','2022-04-13 12:39:45.532155','2022-04-06 12:39:45.532156',1),(154,'6/DyieM8QtDafrcui0O5HgckcQ15VhNRT9dTEIlgg3j6zkYjgMCf3VV/OGKy+ElpdTRTmHDM0PXax5H7hP8y1w==','2022-04-13 12:49:51.239341','2022-04-06 12:49:51.239342',1),(157,'TFFvvRRmCWXho8L3BrbbO0UrVKWI0PQn6dBAlkZOAeVGjzI+opwF2Y6cN1JdqG/JzxA+sG8q0yTo+KiwMHQ8OA==','2022-04-13 14:19:03.800327','2022-04-06 14:19:03.800329',12),(158,'2IEuo7/VQtbdFhXgZl9mW76yfTvigJTXcC0K3BuejCWd8HiEp9KJXszbZNlGnDEXYjNYGB//swT6BcDYpVyXFw==','2022-04-13 20:20:14.955912','2022-04-06 20:20:14.955919',12),(162,'uO2lMlZAzGWo5Mr2UZdQPMVfmaqFw2RlG88J5ffqB0kG9SZ9mw/SLXlcHYX4UfvxCq7759IHednSwrtFmY7ptQ==','2022-04-14 05:37:43.426398','2022-04-07 05:37:43.426400',1),(163,'ykh0N2nax1J8GtGHZFYisKj1j3X9cqNEja3a7mqYQmhydFcWs+mcbVDa619b180Qbq6NIGEdELdbjyZEj0mAqw==','2022-04-14 05:50:10.577989','2022-04-07 05:50:10.577991',12),(165,'cpDQyNjUTkKVWjcTaet75uTCeWCLh0GKGkz7ex5S9XHqS4z1Vwp+llJBqoPLRdUTPXWHoKzfpp+fuXP0bg9JlA==','2022-04-14 06:00:20.570243','2022-04-07 06:00:20.570245',5),(166,'UH8BXPgNsquru0ffvpNYGcuchtwpLxLk5ZHy4hI1allFXFCMrk5/QQ+Xh+KITzxROJeG30GI/34TtvBRBZglvQ==','2022-04-14 06:06:37.063507','2022-04-07 06:06:37.063509',5),(167,'g+u+xiexATUqJiIjS6sRLiHaRNmfHIq6sTAOJmHUOVYAJIosoBMgOSVkGtp6V3zhOClLJ50IBFI8iTmtjY0Vrw==','2022-04-14 06:07:41.251267','2022-04-07 06:07:41.251269',5),(169,'ORPfPFId7dhXoHN7eRCe0xx9HC//UiRgDdgIH/XXhGn3UsSECzKi1GDZGkedbIffQXC+KYENOGIsY3q3KL/Fkg==','2022-04-14 06:27:48.401770','2022-04-07 06:27:48.401772',5),(170,'jE1YRgAvYNYxOYcmGFfhs6W5AjXrgWu0RsJk8u8qZ0OrlmwUP9yavGlU3BccIjjWPQ+HJtVEX4BBtfrQA8BcVw==','2022-04-14 06:32:04.078175','2022-04-07 06:32:04.078177',14),(171,'gmyAx55Bpj0wF/dHRGs+hk1gZdYFtDDOpdelNl7OX/w7sqW5ZOzcFXx0pP2J1NalfENZBqf9yPtRzygqvmwXuw==','2022-04-14 06:50:12.045757','2022-04-07 06:50:12.045759',14),(173,'4ajCADLdaDfAgrLxU6f/9t7XD1TfRy+aMS954eIOt+hyCMUzlnLVsE9+2OC/JnE/QeDNYNUwJihO2/YxPo8XJA==','2022-04-14 07:20:55.629109','2022-04-07 07:20:55.629111',5),(174,'Nph+EZEIJDpcVGcDjvJVPotuEv2OKSW8PUoLkduK8Ip5nJ6uaG0x1IMbm55oWmI5Sb9pGwbTAV/1tjkRNALjkw==','2022-04-14 07:27:38.827026','2022-04-07 07:27:38.827028',5),(178,'trWnpRJ8M5Gtn/ln7navu4f+WJcq6ibvVWN5KfdhawjJ+iflPrwLiVnbtybVLbBLIG/OoBc+S0/I8tTdwq22SQ==','2022-04-14 08:51:59.401008','2022-04-07 08:51:59.401010',14),(179,'kySN7EpNndECs5C4l48hfUhjJt6uqY/EUOD+e5Qy4Jnwu/9AZjQs/xCavHRpDAlKFSl8YMhlsXyGtowYEZK0CQ==','2022-04-14 09:02:15.128362','2022-04-07 09:02:15.128363',5),(180,'STa6mFQP8m2gc5sPSXxGFK1xQtcXkyEePYVbn2BE71kgCzIn3AH6IdILZI3Q5DBuhmJIJPsfZ2EqLLWXDI+lxQ==','2022-04-14 09:04:10.806361','2022-04-07 09:04:10.806364',5),(181,'2zpeFB6yjZMVhwQGdsr1vxnE8T1XdyQI4Sli1rrsmm7Xe5J+hbNXxUW93oRvBad/bU73bDkAxlTQUEkIi64yzQ==','2022-04-14 09:12:54.457398','2022-04-07 09:12:54.457400',5),(183,'OyuqSJv8YDRS5eXHOUEFkJ7JEOUOv8OUPpwuaOY3CiUHvIuxl2C2UVkKzfTVU8FvgsEV9ftX4wNLYGSzF8y4+A==','2022-04-14 09:20:39.504408','2022-04-07 09:20:39.504409',5),(184,'0eD55pm/cSECzrF89uzWHA3bE3Pve7wTP6QJ1h49G3fG5F28WJvZNRVtSAU6h4xQWbmEZGFsWCIWIXGGskk0qg==','2022-04-14 09:21:37.514357','2022-04-07 09:21:37.514359',5),(185,'A9/eMDTQxbQCaUCGl7PzFchGTOoYQKcwz9R0jH7MCeEideZhKqZX2T1OWr/lieRDqjr3t8lNXW8/wLMedinE+Q==','2022-04-14 09:22:22.072972','2022-04-07 09:22:22.072972',5),(186,'jlxPzpT97p7+K7ayjb/L+Vjf8WanyHDntR+KIFNadHRK7OUOtFJsH4UyFb9R8xE76I12/p/Gkykdqn9bqZGATA==','2022-04-14 09:23:49.850112','2022-04-07 09:23:49.850113',5),(189,'9W6FuePVcqNJgjBu1bm8jON87BkOgC/rmKDS9vT2Z+yumaPaCcj501LgYemb2Y5iNyFo0uEr9zLqX8CQvtBM5A==','2022-04-15 04:59:26.234884','2022-04-08 04:59:26.234885',12),(191,'Lifr1GCa8sIl02SYlOIh599AhkRCom2i6xLN/yFHCGZbVfTNH1w8ocMz3B1RL3rtQg8fpujK0cH69pWw1uumug==','2022-04-15 05:26:10.964314','2022-04-08 05:26:10.964314',12),(194,'XU2597z+cXojVLMjjZwFyJwwpDG6g+TyALKmpO/i3uNUF5F6REsdXC53H2QNP3Gmchp+2II0mBrNFefwQYzglw==','2022-04-15 06:07:02.429920','2022-04-08 06:07:02.429921',1),(195,'f3+RBmm4twdlIPKbIyHAwTEpd/4ofBCgt3XQuZZhDvVEWhXfVzpigTYk4c8asMU7B/BaCfnwNDTr3MEWZXruvw==','2022-04-15 06:29:56.985857','2022-04-08 06:29:56.985857',1),(196,'ex2b6/6Dp+0CToPo16VzfyID4yqSorxsIeO6Ql+15TfjYN4Xh8JZO4TUoVxx1J7+sbSlpOvpievoWNrueS/zPA==','2022-04-15 06:54:20.402725','2022-04-08 06:54:20.402777',1),(197,'tk+qg5Y/TSiKuP2TQ1MJEU8Ugluzn2ga9jrdTiLBAVust6Cje2OA2x+T5X90gHGcF+3lxD9j0hHzxsEvgRzXRA==','2022-04-15 07:22:20.462557','2022-04-08 07:22:20.462563',1),(198,'nUeXV4Qg5y1IX8CDgkykw8FnzUm37N6lQMgjyrKkNzeoJn6o4XuIRTnvCx3P2oxu3W4gC8+7NsJmsZUoyoJ2rQ==','2022-04-15 08:33:20.402977','2022-04-08 08:33:20.402979',1),(200,'ZgeQiue8aJjiDEDz8LqmjogezxVfCMib8TGOyBSPwLHbjNZ2HmrA+pmas/4iN0MMltx70x93ex362CuSE+6Eaw==','2022-04-15 11:26:30.323036','2022-04-08 11:26:30.323038',1),(201,'ZUUPZ3ftGlYxBfiGYpMe+doFSySpOTIzMYeoF96gDcILqu6xk+OYQlGyKF1DlgfnCdd9JPNm8/F8qF1Hk7hgBA==','2022-04-15 11:29:20.568868','2022-04-08 11:29:20.568870',1),(202,'qXmnt6SlzZ0xeqwu/2xNBpwxfYhxuTRspSwL3Dy1TH9ykoBtzdmb3+3LO67CR49joesABwvdYiNt+TsaftmiSQ==','2022-04-15 11:33:42.847858','2022-04-08 11:33:42.847860',1),(205,'zx2spoKXYAPfT6wvFGV1WitKf4L/5hkQAQBIlBqM7XXKxhevNmgfwWNsslD6OarjfUk7/bcXaq8C1wDQqUyurg==','2022-04-15 12:29:54.355107','2022-04-08 12:29:54.355109',1),(207,'NtgGTAG/fA2vNFp3yCDOmcY619UYreTWTtPb3s7Y67WPeJG3m0K0PdHn/fnJcsOI4bM8r3f+JDQytbWga6lZuw==','2022-04-15 12:39:00.605908','2022-04-08 12:39:00.605919',1),(209,'mwwuOxxNm5USy8p9/5fbVZQn5EThvK+Tqax3j+JyGurPQzLqQJWqqaCHgvG4u1Rja5hJ8n6w+BZrFuc/Bs/Bzg==','2022-04-15 13:59:18.062094','2022-04-08 13:59:18.062196',14),(210,'KB51JWSgrNZwvM1dDVAxW8gpZcF1SZW392hk5tFljKcYkC0mNbiaBhmOb6SPiDuxHAWoYrrlsPhlONXWwYnPNA==','2022-04-15 14:06:14.949465','2022-04-08 14:06:14.949471',14),(211,'Xiw9W2PmynpIlgQwZhMqnr9WE5e+ZAAfbkrWez1CipyjdYJfYCjoBq5MX5888C+ZisRUcwCZrWIcOT3rJztimw==','2022-04-15 14:26:12.412340','2022-04-08 14:26:12.412342',1),(212,'fCKXqivuz2FhtNlt6Dlu2b+ejGp/1SIKEa8TtMpIDbIHl3FAZOXGQKMqS1hc30JfsgegwUF5TvYoW59I/g2Naw==','2022-04-15 17:06:12.578234','2022-04-08 17:06:12.578283',15),(213,'yld+R6EStt2xoNf/08bnSN41GH30IZjcmm1p3GB20aMalVROTAZOPxIwOrPRsQMx64NHhQPtrAG0FfIAdgRTNg==','2022-04-16 04:29:37.762005','2022-04-09 04:29:37.762007',3),(215,'tEY/vDL4lPyuXqPektFkWU3b6IPdGU3kRCHp+x+pNIYVWDtkxtlswBawu913vDHsZ48uurQd7sDooiv+2MkSJA==','2022-04-16 05:47:59.980543','2022-04-09 05:47:59.980545',1),(218,'3yN61PYmgoyHjngtTtqo5Zv4c941KnLdJw3sWLP6xsiW/0YO9fPdtaL2ukNW3uYzfhhUHYPShdOL+jSHiTIEGg==','2022-04-16 05:50:49.291539','2022-04-09 05:50:49.291541',12),(229,'wWUm0tIgPIUJPNzI9kiIEXgH3f/lhfGYu+jKQ/REtpwyRVtovoy2z8xBFq8QVCDE0fzqiWNpm3pn7Hg+WxPQhw==','2022-04-16 06:44:31.037359','2022-04-09 06:44:31.037360',1),(230,'jsj4Ornj9R318/zzxOP6g9F9N77ni7nZg3YsWJe7axgwJuz8BUIkQXyXiTJ3Za1cfUqHpZCWZoqDXJRMcfJecQ==','2022-04-16 07:13:58.375430','2022-04-09 07:13:58.375545',3),(231,'UgjMddXndrPxXwISf3u5zBKfO3g17/cn7zZwCIgzn4O5NQtWewREy2SxzK3bMFN5Jx3QXbSwTIS27N6bSzslYA==','2022-04-16 07:14:48.182472','2022-04-09 07:14:48.182473',3),(232,'jsHBrJ4O51jyEEfx6kNVYuyWr7hruwZw6eA3DZj++TTo4K47OWbGQTTmwzHojcOuJAkcvT/Z4X72INnwDiEpwQ==','2022-04-16 07:21:53.262757','2022-04-09 07:21:53.262758',5),(233,'n1V89gq8BwFeAKSEENLYiGvHTedCokiAj8avwDQhw5rg4bw9mMqLOpKRxs8CT7gF73xo+xB3Ve94v2cFXynHmQ==','2022-04-16 07:27:09.542878','2022-04-09 07:27:09.542879',1),(234,'CeEjKynEnP67VXjqH8AYEokULfpe8u66+5E+SJRUSbmeKoxoRvuLCmbTAm5T6qzxCrD8abqydR8QN1mx9war9w==','2022-04-16 07:30:09.214366','2022-04-09 07:30:09.214486',3),(235,'cvi62oFWeLZ8UFU6jLZxYv9JiRLDJ602aHwEHAz87vhra+LhavvfDBVNIdaGHSFjamkaq/wXJ3+uFtnaRZ5+pg==','2022-04-16 07:30:36.504701','2022-04-09 07:30:36.504702',3),(236,'bgos/BsKfSEI1YKC/a4b5JhSbKpm3ZWAjnh61OJKXold5u45oV63bneFbBvy6k5BuzOJMI7DXUp8TG+izpM8hQ==','2022-04-16 07:33:17.541602','2022-04-09 07:33:17.541655',3),(237,'g05ADGCIsI0r3/whPFvJl1WQUgFDeBoywbCnRW2SaVAF33422gbxc3ei10ZcvS+UxgbioWqfT7q7khFaDA+p/A==','2022-04-16 07:34:16.805935','2022-04-09 07:34:16.805936',4),(238,'z0t775PUwTDjURN5u+NYKFhtNqBgcB62v9Ntj/8euivEGRBkQOgnTq5XXPZTdIQLH0ZGi56zWYsH9TwWt8AaXA==','2022-04-16 07:34:28.106162','2022-04-09 07:34:28.106163',4),(241,'H3FwEhq/JDSxE4tj9hmEFWbZ6zsWGs3ZJilZ61OTJKwnOz000NPWBRzkm1GzL57UwgvIEEHRuuHv8WEOAvOi3g==','2022-04-16 07:52:35.512633','2022-04-09 07:52:35.512635',1),(242,'GmtJgvK8LQzvsvxm6Aycy6zrO/de0FZgiGr0oxDMH980NMLJcSPRfhxzoV5PTInEgHHwz8oIYxKHUny/8AhPNQ==','2022-04-16 09:44:36.033536','2022-04-09 09:44:36.033538',1),(243,'mTc1X26Y4yJGTeQtk0aKqZ/fQv4kAmoh5jClrrCayV01QwWEGt8iLUxZ/Rp96V/dgiIIZF9Puz2dHggxSsJPwg==','2022-04-16 09:47:49.488441','2022-04-09 09:47:49.488443',1),(244,'QJBnwFulQfdgKy629o2pQL96bKX3uaRqiUYZRwjI4WzpKrOOm4rrSz3sIXerLppJpC1T315CESX/FzwA3h75jg==','2022-04-16 09:54:47.357007','2022-04-09 09:54:47.357009',1),(245,'/C+7ESf8/nGMRmam5PLON++6ofxLXsfJWLUG9jEFGiBmh3j4pYGThskJ/UFk7psP6i59eBZXPdEMg4YXKOqN4A==','2022-04-16 09:58:32.650474','2022-04-09 09:58:32.650523',3),(246,'aeAi3Xc4cMqf7EW1Z3AgERsCygevfqQzWnC3b93PUYNPeKYsO0Pgn5Ne3W+uJXIcdOOQjKwAWPJTYM91bTq79w==','2022-04-16 10:00:00.425000','2022-04-09 10:00:00.425002',3),(249,'QVsjoiJP3PU17l/3LPnsHAjUuVbvApoetMXJjTft1FIaCstGCKf54jxWM9pero9ohxOzd8xfl86xqA13fKG1tw==','2022-04-17 01:40:26.659573','2022-04-10 01:40:26.659575',1),(250,'RwXV/GnYaqdttKHDJ9chh+rtEtdtib2VDwIVcL/mCq7kD9M1GcAYLbTqNuPdfqWa3vjmgvoaP8c6xmrR1SEVGg==','2022-04-17 02:16:57.755968','2022-04-10 02:16:57.755970',12),(251,'0Iu9jIupQ3Auzop5AP5GfsKfa9Ng9jYCu6ZvAcVK3APaOl0pg+4b7UpKaytVTAgxgMb8wlBrixLeRfDSm9XqXg==','2022-04-18 04:21:08.692602','2022-04-11 04:21:08.692604',5),(285,'oDBMAgp8bwAuykcZDEzXOI9Q0mzqm4zfZVdBZj6qL3XOIi4sMxnSNxAwtmbmiUZ65weFmPFoVgmQXrNKJm7fgA==','2022-04-18 12:03:51.678996','2022-04-11 12:03:51.678996',5),(286,'uIVgh2cl7G5Rmc2HVruV7ZIP3q200UVJ1R0fw65A14u42Vo/gsXSUY8cgHdmMPtRg14NXiLBHoqyntiSAyDs4g==','2022-04-18 12:14:40.198608','2022-04-11 12:14:40.198656',3),(287,'GpOmjddL46pspZgYphaINLFqQG9koTPLjMLe6Bu3eGZCa3rCAS9eVX6n08EmWbpfhW6OrGNctTznjcRzajU2/Q==','2022-04-18 12:20:48.661876','2022-04-11 12:20:48.661878',3),(288,'Ud0T7IeHHBoAWDS7vWQhagcLfsLsLV2cVX89vn6kFouKYpexPTbZoNVwrWOnyki4tfDnAS7FaE5O1CA9MkCD4A==','2022-04-18 12:21:52.135907','2022-04-11 12:21:52.135909',4),(289,'sD9PbJ2wrKhv6Q7VAxirpgcmaOIK8KVkLpXuPp/vf7MFE9I1jVx91nPZKSqAdKeyGb5OnMCWybUdl2TsOTaelQ==','2022-04-18 12:24:20.454774','2022-04-11 12:24:20.454776',4),(290,'+hKL5tYuqSps6XRBMBcGaecHie5vx8l8FIQ2iDaS1pS3sXo0O4o45jzoAYhZUPIiGJqojIJYMWk7PWvASMXjkw==','2022-04-18 12:24:50.464592','2022-04-11 12:24:50.464594',3),(291,'21X6L3k5/iQzRUc59+mxVItq6m73PiQVZHiCybcmer7LCjG3eJLxktaBoXhD7HXoqWMPgdzvy1IeRpl2K2qBpg==','2022-04-18 12:26:09.804406','2022-04-11 12:26:09.804410',3),(293,'DQsBIRYYgz+GJURB/XVmXoIMOaNLWhMe+wERv2SeaPpbSoL1F2GyB+xpmtmiu1AyXNVhQF/l1TGT8Wuaiks2gg==','2022-04-18 12:53:52.954371','2022-04-11 12:53:52.954416',3),(294,'tpln+JgrLIp2rZ7sojeVEszGBh3DR6Wt9/yy3vMVzveTqB6ZDM0vVCQSLM6Ys3MJe/QSn1PqMT5Wb2h2GiukvQ==','2022-04-18 12:55:50.069902','2022-04-11 12:55:50.069909',3),(295,'+5vkPFS/zWzzoOWSN1dFiz7K1z9glEMNX/64fp2dltAzDHL/FuEiMewcXc8BzenWVT7bJvFuFHG1j3cO4rHgdw==','2022-04-18 12:57:12.655891','2022-04-11 12:57:12.655893',4),(296,'N+Bj99NNtmc6q9J7zBRYKLvAWtsofg5Q5P1bfIbS/TMmEpwTGQevicSFJUT1tXLrJR8xblkQnFvPecMrCkmQkw==','2022-04-18 13:16:43.188168','2022-04-11 13:16:43.188216',4),(297,'NK9lLpj8/SFxlbPPrDpH7+t7xIpifnR2dMinpxL38lPpsgN69lhfCyWSgrbi1/vfWbigbIf2C+/+tskbGTpNDg==','2022-04-18 13:19:45.124439','2022-04-11 13:19:45.124445',4),(298,'fMmZu5WFL9QL1vZlDVgbUVf8P/OJLHF7ekEYQgDbO7yrfeUDlHQg5kjbxbIIo1iUlJrxTqxsrB4PiPyTwSqb9g==','2022-04-18 14:58:14.094076','2022-04-11 14:58:14.094077',4),(300,'fo8gLHHkawoTfWaawKFAwoQX6EOeGodRYl9g2pJLioaa5Q89zP2bVzKntSsCIMRjrQqOrvrPvEdWegSj34xmXw==','2022-04-18 16:44:14.773105','2022-04-11 16:44:14.773111',1),(301,'SoTOKAOevU+JBMplDvW0NpP4Fj8X0fbEEvgz+bzQYpUIS80OhfHe86Q38WJQJ8WONS6BP9JQrTZNBdmz2FDEsA==','2022-04-18 16:45:32.231052','2022-04-11 16:45:32.231054',1),(302,'6EirfR55LF0v5nZFW2j1OjWjZE+mNQHSsC1PovORXyQTRZDPwZ3Bx2Y0pRIMmurAEBSTzJSw4Q9G7o0WYfXzlQ==','2022-04-18 19:29:39.834482','2022-04-11 19:29:39.834484',1),(303,'Yw4ko839Wmjzq1SDKHqUBzxSDZkTTbgZT7hbjr7rWx+RIv5V8o8ol1c+uReKLqFLBqHiWrsuhOasOdNBNfFQuQ==','2022-04-18 19:35:22.929315','2022-04-11 19:35:22.929317',1),(305,'syb92TqPKKjQxIOCKlWp9zmE0eYIV3RZnNk7kdR+glALtHSBVeZVIKWG8fFL23yOKPLB2maVMfJBZ0SyyFQShw==','2022-04-19 05:10:07.752911','2022-04-12 05:10:07.752972',5),(307,'kNOZ0YFnuvGLvrT7QzhzxVHHR8BH6dIwWy6BqmrBLQallWqP2miv29Jj5PdG07YVLy2BMroSCsAdAD7HaDJnoQ==','2022-04-19 05:32:35.265414','2022-04-12 05:32:35.265416',1),(308,'N11KDGlms8TAuDZJJR5O8Ai5wzjixFpJA+eQ15Poxf52xR3+T5wu8B1Z13HAjl5XSxBJf3wx22zNIz7wndruAw==','2022-04-19 05:39:55.107363','2022-04-12 05:39:55.107365',3),(309,'Jt3jbMU1ZyCWFpMEmQv46VrmRGTnzFpIuX5TtXOP9QpvQFRsS1vd/4YIlZMTYvtpZRENc1h4JHh/sjZ/F7FWGQ==','2022-04-19 05:42:53.675415','2022-04-12 05:42:53.675417',1),(310,'0LNfe4Xp9vZyaJxB3g8gif7sYPcwiGSR+dEX+Hfl6RdlAJJ34yE1pXvhiSKrMfyGTAatHGAiOmVWYtxswGmyiA==','2022-04-19 06:17:05.948160','2022-04-12 06:17:05.948162',5),(311,'oWuK5eEokAHU0HGkKbZJvxu17uujezgZ3xPQB0AIlmk8aa2lCBhd+1FMrL62xSFuXM0sV5rQdG01n5F+Xt5VkA==','2022-04-19 06:19:09.277883','2022-04-12 06:19:09.277932',3),(312,'6Z2QNIEclx0hJOy6ZPdwVs6z8bGjvYwSzTCmw1WcM+aZ2bodNCSyE5+U/7d0z6TiYyHmxKXmmK1b+VWPGP1pHg==','2022-04-19 06:19:38.296398','2022-04-12 06:19:38.296403',21),(313,'TaPjaZ/05zqlJ0NiqKrOGppKJMVPNZteIY3x/1d09zf0ryFmeifu9Xpldv7uENYHIR+p/6TuOfBELzB2Kx8VsA==','2022-04-19 06:19:45.156434','2022-04-12 06:19:45.156436',5),(314,'Is9ci/z05XtX8RGY5/KM+mKzvWetGUnQamRuzusl3uAq4TFCxX89lbodwVexHyMCBGJrr00RSBHgB36B8DGtQg==','2022-04-19 06:36:33.009076','2022-04-12 06:36:33.009122',3),(315,'uJNspqcoxk98qYXC6F7TAZLFF6thGDNWXqcMOy/+tfmHDHP0Ok5FX8x2PTNyioAhEQ/WeU+rvB8ZF3Rp6hq9Lg==','2022-04-19 06:39:41.170770','2022-04-12 06:39:41.170774',21),(316,'tTIaEwhX0d3WmEUzegkoFzZOhzEmxYqNuY4xKWOw2EXMVcmF4QShEtTKbQvXPrP5Wqr+4aIKNnGF/En555LphQ==','2022-04-19 06:48:28.887978','2022-04-12 06:48:28.887980',1),(317,'RH9CgcnUfChXtCtG0D2v7jgw+LHklAvbdyMYWaqk4cSZUJeGTxfQXoPPBMfzLRC1UY40kfgwWokL63u1zJgQtg==','2022-04-19 06:56:49.295483','2022-04-12 06:56:49.295484',4),(318,'KOGVYBXryZf/aYuPJBoqDOL7CLdxxQdevTxYBqBHy5BZ7wL03o3JWTZ+sYTAh51GRqoUItcmWCFQVcjpI9bdHg==','2022-04-19 07:15:54.320900','2022-04-12 07:15:54.320909',3),(319,'A3BkQXXk8h3eLS785QjegOoWLK1AIuIMYLRGi4NaJZHC5L9wCOesS31BXgqSvfCSQH35LTx7Se/o/VZ5vFtxjw==','2022-04-19 07:51:10.505455','2022-04-12 07:51:10.505457',22),(320,'t0DFPwfVWDjJR7WPXWJPHhc1wTYFOVFPKLL060E7RJM3vV0bdNzOcyhfRkViRKGkD6BPewxX1pK+OcYqfm9URw==','2022-04-19 08:17:37.417505','2022-04-12 08:17:37.417507',22),(321,'IRnMxztCc/CY36lYW94u3Nf1PlJamRFADMNIvv8wJxsHfMF/mOO+QU2XdGOgfDwCKFkBrZ0iNHDrYLfj15jd4w==','2022-04-19 08:57:52.519039','2022-04-12 08:57:52.519041',5),(322,'fh60ej0fT8l/TwRWaKDljGlydcpAdq68KXrdTCJKnD/2K93S/TEHs++9qV9vM+ZMoCl2ZWDhuoYVk49LEG5Zhw==','2022-04-19 10:22:44.435662','2022-04-12 10:22:44.435664',5),(323,'tGgSgcMBs/CjrGNw9ZwxQ42O8RDb7tj7oVwX4m2f4EDCnzJ7pF2SIWo+Cme+0KQqOrQV5e08Xxpqm07ki9pbHA==','2022-04-19 10:43:12.535903','2022-04-12 10:43:12.535905',23),(324,'hsqsRlB/PXJHknXYIjSwB4BfOWBLKZlDnrRBp3EAdZnYvMMetWT1E3/aOiFRt6T1VME8uugxKUzOGPNtT55aZg==','2022-04-19 11:21:27.315802','2022-04-12 11:21:27.315804',22),(325,'BSIw2Ug0e3q4msffMetxiGrmwVzDOz9s3K0kJfV6wGeN9E2KBMNZe7ID0+xn+O6DAFezYnmxrw5Kcg84oaj3MA==','2022-04-19 11:22:13.236813','2022-04-12 11:22:13.236815',23),(326,'9tPmMTHfUyQhz2WySepFzegNh+3ipnbxhW79VGjxt6LsgMwVe+k6Srhuhrw3N0cjdRTiR8wG6yJ8f/mAKcgK+Q==','2022-04-19 11:40:32.824299','2022-04-12 11:40:32.824301',23),(327,'cHZG8fkxN2KQqmzY1DJz2kg6/a/FVD1O5s2QANk8I3FVsSwHZ8BwNNNdr+UtJyaTAAZbUELWPS+3p/Qiw8qr8A==','2022-04-19 11:53:57.104930','2022-04-12 11:53:57.104931',24),(328,'vPwlTrXWl3ecQf3kzNbDtXgL92MeGhyjuiQLbbm8Js9HOh7TWTg4LgZsSNUKgTWB8NIhRHumjBYPvNmnTBEF5g==','2022-04-19 11:58:14.130709','2022-04-12 11:58:14.130710',1),(329,'LvLhHYM8aamkOewXlHRUqI7xa9KZRGyjr1TcknUu5idmS/En+4cfBec+64br4EEvfs/g9iR0wOK9Oe432oCNpw==','2022-04-19 12:02:29.214687','2022-04-12 12:02:29.214689',24),(330,'jPugPZCCmBI7IYC93rl1NjVwQ2L8oYfkeaTeabYNUpvO6Z3FVGZyHlppNfvWuG8wvnLc9VZlrgpgkA+rwgjs4A==','2022-04-19 12:34:51.328180','2022-04-12 12:34:51.328225',24),(331,'74W+6bdy+WkXNQHbXIo0axB/eAQ7LDvleAGtDXfSLjevN+YEyDJ0z2K/NCXtc/jihrRqD9ht1btKp87GNigd8A==','2022-04-19 12:38:11.840515','2022-04-12 12:38:11.840521',23),(332,'Ng76mq4cuWLQeawRTfimlJ9sbq5K2+KHaU7jE5LZJ0WrSvAaPA5kH02T/ohtoA40B0r5ttlwW86XEjBRMi34YA==','2022-04-19 12:40:26.392153','2022-04-12 12:40:26.392155',23),(333,'WqF6zKT+2Q0DlQucqPuUzw2ogE0nfR65XX3HVNCc8SpttUEv/FH3o0kV6WzNBdZJbCH1SnybRdCFgk83epplRg==','2022-04-19 12:42:11.379928','2022-04-12 12:42:11.379931',23),(334,'TTFhrDi8IRUvWo12Wf0EHBeANbOY7c1isjslc2JxuGIraygMhI3pCIaOB1t9wiugDp1axaPYFgRn4J5rXQGguQ==','2022-04-19 13:57:18.726234','2022-04-12 13:57:18.726277',1),(335,'mql5caLuxqx+OEJsfBBYn7FEc30KHvpwojdQcjWRUYOJ6ul2L0i6Imf8S4Q6Rj5uETyuFQaqKvQz4/9H1tDXTw==','2022-04-19 14:00:34.070348','2022-04-12 14:00:34.070350',21),(336,'83ebHU43fXKZOGyaSFuSLm2oH1Ip4gB1mO1Y2pi/6IhKLUunM8bMG4C14GBn1z0ahU9gNn4UKE1nQ9dks05OBA==','2022-04-20 05:30:17.418087','2022-04-13 05:30:17.418088',23),(337,'+wacfbx39fpM3hNacJCLtkpku+WsbHCPUVEHXNstxwsMOmuyT7lm0K2yktuBH35Vo3MKOAqQkD2YUZkjAvYX2w==','2022-04-20 05:38:44.950683','2022-04-13 05:38:44.950685',22),(338,'luC7vjTxSJDumqOTR1mDl0eDXvjd0p5sefgxUfWbpKhXuHCIKAF5blzh9UYB1OKxbz4P8O2X5+gA62CcIymnsg==','2022-04-20 06:27:27.354891','2022-04-13 06:27:27.354893',23),(339,'Aq5H+/82Xo3ZJZbLtfNBc+Sd/CxmFWCxbuRPPH5TZ6uc1i0ddxP1CLMQFIoCcpJ2qufT4dptPpHU2HuDKoRohA==','2022-04-20 07:13:37.676150','2022-04-13 07:13:37.676152',25),(340,'CdtHRCPnoXYvcH6ULy06L3TkCh9zJoqgJXbMmYGT+GKbYolgmBQH3S1cj+LBihReKhXTlKTWYl+53qCMUiJabg==','2022-04-20 07:22:37.851305','2022-04-13 07:22:37.851307',25),(341,'KeULWMV/tyBYB9bjQuXS1RIFQ+DBe9RmLyGbzzdYip9ePDOagiSUIExhowo4fie7AMRn0CLyIkl9f+oyfUMgGw==','2022-04-20 07:26:07.584772','2022-04-13 07:26:07.584774',25),(342,'Y4DxqQdhXK4wAytQ0WGgiYmtZtmvUpbofuvqXmDAt5UhGw8jLDgzhBXl7cZJJ6vCyhbRGOtHHnFa0S913qygXA==','2022-04-20 07:29:53.539122','2022-04-13 07:29:53.539124',22),(343,'QwiFVGGr/iJhgA4Eq/jog2ELEjf91GWwXKQ0jJURUJ0Hjy1rJNSrcnn5VPhljjnchiYA2hK5KNCC3X45Ps1AwQ==','2022-04-20 09:44:41.177985','2022-04-13 09:44:41.178042',3),(344,'k3cZSK0rq/OtltlV/pVDch/Xm3uzYjKw4Pch98vOx1kdxEYg8BafpghW7Vyu7l5H97BxV99AMTtXEhks97uE2g==','2022-04-20 09:45:07.555296','2022-04-13 09:45:07.555301',3),(345,'vTNFMyZfQrWobu1HPVVzoNrsBfojOe850IMDUJ1MATJSk9g+tNIOsncHUffvQA0mBuE+wMifHUhskzmLHTEjpg==','2022-04-20 10:29:24.022136','2022-04-13 10:29:24.022138',23),(346,'9aqENvV9ikXIQJdmypVhtD84qsuM6+5aozHrg69+iqt01TCUqcicCn7PmN22Kh7MicIgDU4bqlS+bmVJOcBsfA==','2022-04-20 12:03:11.120487','2022-04-13 12:03:11.120488',22),(347,'t+JAQzQV4fKidwwQ8nXcVE9j2Xy6hKj6pXKyj6eixJ5rZ7IJQi124L3dLEqsg5Pp39DmP493f+KZjKLCUzQ8lg==','2022-04-20 12:05:09.299878','2022-04-13 12:05:09.299880',22),(348,'tSjdkuurA2quOLydQ5Cz7+jJuzPv8+avGNnER9KMvya9SHVBfBAq8/9wu41+4bKKFEVVmndizZKSU+buREyxeQ==','2022-04-20 12:05:34.194222','2022-04-13 12:05:34.194224',22),(349,'KIwCcHneBBd02WOIPyFwY96rTrLC0G1CN10uH5KWazINFDNXovFwthoTyQ6vfULU+7zNOr+m3AqZq8TTOA8zoA==','2022-04-20 12:06:00.971661','2022-04-13 12:06:00.971667',23),(350,'aet0lJ2AkvgA3k1izK8ZKq5zlUTCH+UqxbuYVgz2c+A47kuQy4A6qTaXzhpBUtzXtwtMY97mQ9XCmT6Hgg7ZmQ==','2022-04-20 12:22:19.213712','2022-04-13 12:22:19.213789',1),(351,'sjZYlgS55sbq/I4nxuLGtfN7WRWlUMHhlgPoiTL+p4Yj/Darl67rsqblXZGBZY96wgusz04jVRkVTdr6zlNvAA==','2022-04-20 12:26:15.238142','2022-04-13 12:26:15.238270',1),(352,'B3IInlTGwmlyVjXnu9MHZQrAvG25hJBBNeV44rmUM6dgUJ545Z6Ljf/tWrdCNRNlDnkAIaRF0K0Lp2wBbB2/kA==','2022-04-20 12:28:56.876763','2022-04-13 12:28:56.876875',3),(353,'f+YBo+OOsENhV0xlYKELOLDeZia6UIhDcEGJdWOXpvBxoTI+OvIet2YPKVroqwevLSiY1BzDH2VuRh+9en1R8Q==','2022-04-20 12:37:43.777017','2022-04-13 12:37:43.777064',1),(354,'xfYgBm+mdyRR/jtTBVsm2TS9oxOAry1MGQxpjCGf1DAcsYusnra7+KV/t8slTbbaKiHSmpiAu9TqO13vT95atA==','2022-04-20 12:39:51.782522','2022-04-13 12:39:51.782528',22),(355,'yjr4BPKgXlV+60pjYyHa4xUchd7XDv6EAUwNr70it0MiiO2Lp+9+IOP/FqCGS6dvNxDpQPueZrIRQv/1YU8RgQ==','2022-04-20 12:40:20.285076','2022-04-13 12:40:20.285078',4),(356,'SoEjNuUroIAwQ9UYd8VxSOmYFdiVe1V/a+aUScJb5kVa3EdIxpK15uTC3nUnBWMc8t/ytDM+vkivkTmfemYNqg==','2022-04-20 12:41:56.923231','2022-04-13 12:41:56.923233',23),(357,'j9Gv5zReTJKxf1QLGtyWSJySh1nPQ5AZE4b/po9QT52WXozXr/p/VUtbVo1XqhW6l+qyo+R6tgEIq0UweEXp0g==','2022-04-20 14:13:42.128685','2022-04-13 14:13:42.128691',1),(358,'UukjajmRQki+chfLSiQbhz0z+u2rOqKjPfBeoAnVMFucyDrFYNFUHJZoF+3JSkhsr1+WB/wau6U4AVqEDsXzZw==','2022-04-20 18:58:32.202952','2022-04-13 18:58:32.202954',1),(359,'ahAm/ilJtfKA87rIScSfizCrcAeR9749IvXwb0EghJ6/CLy1VOxemNN47cP3zzCOXzatcChpKys02Xmn6/4UqQ==','2022-04-20 20:39:52.411858','2022-04-13 20:39:52.411860',1),(360,'RYd5cqLkZ0x1895ZYw3uWE8J+7vOcVeG8Y5ZsUWOS0iKFTZLBlmRZ53KftG/IQGd38I7NPpTWAVaQHmszcVr6w==','2022-04-20 20:51:36.667106','2022-04-13 20:51:36.667108',30),(361,'TWW2J3kekR7rrAV86W+NnaIj6FZS54YHo4ycoNxMImfcl1SmKNvpv0Bs++ofn1UqAwe5+IQYfI7ggFakKSHymg==','2022-04-20 21:44:11.128817','2022-04-13 21:44:11.128819',1),(362,'Ytq3Ein9eCYsiGYP8fa7enJATPeVXYgQ7t9yn9Fn+lZQkDi3EVWUsc6jw5Uscjglas4LWBf/AGBHopnwhgCWww==','2022-04-21 00:23:05.107338','2022-04-14 00:23:05.107341',1),(363,'7oUy9PWoLMBRw5wN9+ofO5vrKj5ItJM9iphQ0CzOxescuhrTlV5RybYponmGY7CB2La3dfSfDVa49Xdx7EW17Q==','2022-04-21 01:01:37.842760','2022-04-14 01:01:37.842762',27),(364,'VWHQBkIObLpSqwqgm+sW3tFzznDX/Jvu094/Ysr8p1xUobvnufteHaT7JcTHVEJaIdVRSWtlpJVuVq2IBZGQWg==','2022-04-21 01:11:21.245218','2022-04-14 01:11:21.245220',27),(365,'V2+8pKeoNiKdYSQ41ab1d7Q8B6Su+Qn6d27pMnwhjZLBzqD+r3rBtNWfSdBoIX/wprb2gPLJKYfn8MN4R4rXIA==','2022-04-21 05:09:57.276324','2022-04-14 05:09:57.276326',23),(366,'Uni5uHGsHoOf96EXWvijPjp4OMP/mBh3N8bRadnyJKb/Zc3zQ82R/ZLzaZvJYxOLbv6z7D4KnBlHwzrXxzg2sQ==','2022-04-21 05:46:04.256559','2022-04-14 05:46:04.256561',22),(367,'2abAvB9KB5+4FcTRwNQmK4IIAYRbgMClGw5QcBvYButOJGmMkdbiJqu9FlgBXa4NAglpk0fT6/pUgZn6Z1kVig==','2022-04-21 06:48:53.097631','2022-04-14 06:48:53.097632',5),(368,'zbGyQBzyNYv9rXwry8qA2K6JQuJRmTBwThLcRYppOuIzp48OQs43oi8Ykjj93yk+vPZVdt6BIo+LRGHy2btkwQ==','2022-04-21 10:19:42.877174','2022-04-14 10:19:42.877176',1),(369,'aMKMgvKyhA6iToj/+tWr7HGLQJAiG6T/6lO6HryPNtgKvUZSgrXsDrnKR69aN7ScPzFfePwTCuR7f7GnnlDf0Q==','2022-04-21 11:03:31.646048','2022-04-14 11:03:31.646049',22),(370,'NGq78Xrym+Pcu5KhQBfnzLXfVy8H0TIK0jkDzbC1tb/YcgNoJRKa2rHNV1MAS5skqkfdT+gouIagqRA68AaKiQ==','2022-04-21 11:36:17.624239','2022-04-14 11:36:17.624240',5),(371,'4bZjaaYe6ET8arrOuILR8i2AgCqNoKkZf9M6mzxp1nSFA5WChORbK4YY/n1TrLvuOG3fHyHD2y3KoX4KmKEeSA==','2022-04-21 12:39:19.327032','2022-04-14 12:39:19.327034',22),(372,'VTsD6Qx6OhPXwj+li5yYB4dyBOVBF4PsHANOHzON8RT2B8JMJkvRT7F9ce0p9ltjtGYXvq2ATpxfz8xbhpItRQ==','2022-04-21 12:42:46.653078','2022-04-14 12:42:46.653079',23),(373,'r8o5tq/+VL7AxewTFh7do/RbxeUW5pdq66iN59ovBfI9wT4ksx0F4Arzy5/ubFnQAnP54QcSkw8NADDAonUeuw==','2022-04-21 13:04:35.328072','2022-04-14 13:04:35.328074',23),(374,'ztzdajVf/NC0+XMWS0AmcXmYj5nRpHEllczZEkGxiBBmrtwGUlu0OOHhB99Iz76N4WoMQ+1FwOge30gqOXUN9A==','2022-04-21 13:12:28.887044','2022-04-14 13:12:28.887045',22),(375,'gro489ofNlBWa/9WN+T25OvfOkv5IjMOF0ROcpfQx+KAGFu8lnbD4BObshDgHzHJmvE2vR1W2Tw5Xoee4gCIWw==','2022-04-21 13:13:47.810629','2022-04-14 13:13:47.810631',23),(376,'TSNVJtI1oxLmJI9AplX5DLN0eW4ATZFtR75bI1GxCq8d8WpBXTAnssloONllzF1/v6rAhbJptp1YwttYVBN5aA==','2022-04-22 05:11:04.452232','2022-04-15 05:11:04.452234',23),(377,'Jc6j27DPYYMdCT/XUPKDU2h911fOFB6qNE5jqC3uIsIBvr53Xucvih6TOzSXPWDNkjokvvYzRFEqkSEvwkWXOw==','2022-04-22 05:31:21.704832','2022-04-15 05:31:21.704834',23),(378,'581sg/eTZid33azj6PShK66cNXdptgX1wDqUBw91amqH950Be3aVNzJzRC7FLUdv8FZPLKNEr2Hsr30IDWX25Q==','2022-04-22 05:56:50.739045','2022-04-15 05:56:50.739046',23),(379,'5GTLz+xLJFDBgo2xjOczq0ef1CksJAQJvZ6mdnV3vbGW0Gp4CUcfK5qtRKKQfc2MLsgeqcfnnKZDf5BMXSAP6Q==','2022-04-22 06:27:54.863690','2022-04-15 06:27:54.863691',23),(380,'wBTo79scj6e4qHmAK1L6HbtXd6PlTCQxDFNu7ukzOEZq55SvjFbDT7NH2sEivSyVLTa3+YsVLbaEB8hJbxNUCQ==','2022-04-22 06:38:33.746178','2022-04-15 06:38:33.746179',4),(381,'vtmxZ3AgoRHMwFp1SNsH8m1+Ef7p4l27lSf3nIElLU6UpCMDV19MOOh0xumg+sTL1llgQwnTrB69t9OUR3Vujw==','2022-04-22 07:18:50.744372','2022-04-15 07:18:50.744373',4),(382,'aOdnmSAVQmSkvEk/aYM71/nYaXiyeiOyAJH8YBDTZF+u6mGAdor6XgLxqMWRlgbSbnunThYnxNZcU9ro19Wsdg==','2022-04-22 08:47:28.959261','2022-04-15 08:47:28.959262',22),(383,'cStBC2TKC8zZVmxK5e0N+egFPvPJCaYTIntzF1hOSHDzD26qNhP/j/ek30vwFlAFNmABW4DAoJqqug5XMpmvUQ==','2022-04-22 09:27:11.540651','2022-04-15 09:27:11.540717',23),(384,'SunXjOniRJ8H9eEg+5vtVmgsz/3G0nfR8wpReJ36b11uw/avbYzIcRMAh4c0lK/XzMgu2FQGrmCl2xImOslUZg==','2022-04-22 09:31:30.491567','2022-04-15 09:31:30.491824',3),(385,'w49j7QqtTzzymNR44bg8Kp9xGIHqU0BLWUduwwNjdXiO0jSd/4SBpdLmvrz64XEFI45MHDVdKi7QLOb//ltA7g==','2022-04-22 09:32:16.525039','2022-04-15 09:32:16.525044',22),(386,'82GCm/4eLFgfTntklAR0fJwwxSLMi+8WbppkwMl7Z6ErJCLtoj2B1DeHBz9q5ZriiDyE4L2GXdMnYguf052d0w==','2022-04-22 09:32:50.528504','2022-04-15 09:32:50.528506',3),(387,'46vOb8o0BhCgDkJjE3yf4jIx9oG8OzBHyLRPhUf16+rNIxtT/+6USKe1a0OxzyuUmSZ8RTUCAZPPmPK932ED5w==','2022-04-22 09:34:05.110546','2022-04-15 09:34:05.110547',23),(388,'wPrUuQNb46b7+CQEe09TzDX9F/h1Ye4RJD60+mrocUaHzkVVNyAiGmCLftIXXQ8XsSwd3X+Xoa2ILl5ktG26cg==','2022-04-22 09:34:09.796395','2022-04-15 09:34:09.796397',3),(389,'8GgCa9gdBQMEh35G/ivMolKwz+sq1gPdk6DM6tsPMoka1v2KlYBLoB3FIdS5ZJVDOlX162iAxNG/6eG48TWBTw==','2022-04-22 09:35:16.186905','2022-04-15 09:35:16.186907',4),(390,'fIcYvgroYmua4FBwtzyRWiB2798zqSdMsAdRXb4FaKG1AyXMycILf59uvvLDTLFTU3m8TWB0nUz+Y4d05wbL1g==','2022-04-22 09:40:05.389047','2022-04-15 09:40:05.389048',22),(391,'Z5qXDYksn8LxL2dikmv0a6SkcI4a1edlWjuFqaMgoaSqNMn6SC8LttebunC5xW0Ol6nHel0IsLuMChG/rabysg==','2022-04-22 09:40:36.085656','2022-04-15 09:40:36.085657',23),(392,'8LhVAuWh5Cgt078M6wpWvEqXuWaBoeuA/Sfr077cnA4MMa8/wiBJgokkRL/3kHGDjOuJzJam3+oOWMcvjuhxwQ==','2022-04-22 09:42:30.702163','2022-04-15 09:42:30.702164',23),(393,'/ZWGzWvN5QwrBHcX74WnpXWulU/TdyN2EhUTimXehmUc0S7YsIyWS1xUBp0QBbQFCkJu7iSRI6T+tdgOJkNcwQ==','2022-04-22 09:54:43.776171','2022-04-15 09:54:43.776230',23),(394,'NHjPB2TsPH/2y+TU/qGuuuzTdVAXJkZ5KJVS+nEIChyf9Xp3lhQRbNNM0FKer6lGzF0cOQJ2598l72FVoETX9Q==','2022-04-22 09:55:19.919896','2022-04-15 09:55:19.919897',22),(395,'5KAHA9D9hlDgjlD7+XZkDmfKWY6O+GHMF+xQlVmzYjMT68WSkKM0jw0yuOd5bfj6AkcZARmIELBlmJa7NxhOnw==','2022-04-22 09:56:15.364265','2022-04-15 09:56:15.364266',22),(396,'XRhT0dke7OpfZ+njccvVUMeaJdL8z4z33kVok87TUlInajEuOlsgTT3awY63uKcJdZ/JiKIrM5udAa1ZUQl8sA==','2022-04-22 09:57:59.078296','2022-04-15 09:57:59.078303',22),(397,'F/bkHF9iDyUoBYY6rJmvC7OypvLTXI372IrxzaTzNAZMbaSYCiKE0g+rfkzB6bv3niw1M+i3kv0B3DJQp+gQwA==','2022-04-22 09:58:50.940733','2022-04-15 09:58:50.940734',22),(398,'Hl0mjH/1e2nrAcdXoCNRxkeE4f3+ECv2CT6IDYXBSI1Rgi+sOHKOF4cnzNqcepi/ioWPp1gie8jviOSrT34YTw==','2022-04-22 10:00:43.808725','2022-04-15 10:00:43.808726',23),(399,'qYL3psgsPwGWlN0RdwAhea4y0lj2EFnk5xwgui93KWVXdksHx1WnY7j5VeCkuk9BD7I/t/1hkNCQ5AnnCkpLZA==','2022-04-22 10:53:02.367635','2022-04-15 10:53:02.367684',5),(400,'a9a2oOeLGT2w4/VxMmJpmpXyGlNOZGJii5IDMOUbqRA7Wnk3q8TGZnW82xhj30DBtzdMRQT6yyFhsRTHpMjIyw==','2022-04-22 10:53:21.321715','2022-04-15 10:53:21.321717',5),(401,'kqpWTNOfpuzN7tS7wG6akCM+8ty4IMtGUGPbVaeeh8KuxXFbihqIHk5RNQf25GSqh0rqQ2RVLWC4j/z7R8y45w==','2022-04-22 10:54:35.283764','2022-04-15 10:54:35.283766',5),(402,'9jsaoUs12wy6iyvlSCjBwhoFpmii3tLFl1fuzB2cfBrPp0E+3ZNeuc1mcwRbFuSsXwkJcmfUGuYfa6gHJJj48g==','2022-04-22 10:54:59.867219','2022-04-15 10:54:59.867221',5),(403,'ixJH1hdrzXVtObx+q0xXPwaUn7qeLOp826wsGyivekT6/mqXjw0D4iUOQexuaYmuPzwjmRuhHYmNim72rQp9qA==','2022-04-22 10:55:50.245654','2022-04-15 10:55:50.245656',5),(404,'zgfKgmDVN2PZR7Djfp2UDCZVdDEk1PzWRI12bjobldVqHft6okff9Ucz4m446LSJ5OKjvExNLQHQ6LDiTffEgw==','2022-04-22 12:04:26.135182','2022-04-15 12:04:26.135184',5),(405,'G6Y/zJea/npKKVyszGKJBPugeWNE3YwWasQAagp7xeYaG8wYmjgthYql+x6Vy83HbhOd79b+VduRcT2ZY/YylA==','2022-04-22 12:16:59.165634','2022-04-15 12:16:59.165636',32),(406,'R78sfoL9rp851p4pMOjXLQyW7f/Koie4h0N5dJqVfRHukr0ABBNyPcCfpokFL64AYl3nKrkdOwfvLg0TRcZOMw==','2022-04-22 12:46:43.987694','2022-04-15 12:46:43.987699',5),(407,'xuyyzKsU47NmtAezkTIJyENtbCIZoBd0FQfw6XdmzZ3HFod56JcI9/z6YgiPNkX1wFIshfsDnNzKkV4EZFZC7g==','2022-04-22 12:46:49.335735','2022-04-15 12:46:49.335736',24),(408,'UYZfPLtrdAImto2T+VzSLlFqpg3UYb48WoXmlIH/fg7etxcTLku8FLUqMbCpMj0OsRUoeSVgTFdzXQGcnpTzew==','2022-04-22 13:50:01.738150','2022-04-15 13:50:01.738152',25),(409,'D7NpH0VD/71R+L3lSF2E+vJm3pKmDVwULOn7d05+80uw6IkeoeSBmUgvpps3PpBj7ZN28Nv16qCskg4jYjB4KQ==','2022-04-22 13:54:08.241348','2022-04-15 13:54:08.241350',25),(410,'7JG/2Uj+un6UiqRTYjSMReKbvuG7JtldoK30EQObluqxCKaAWZpBqHodtcZ9ryF1f8AVBJsqu5lLaaUIpoy3Hg==','2022-04-22 14:09:54.371006','2022-04-15 14:09:54.371054',33),(411,'P366SMKhFs3XoRC1A1p0U5uZmnIhd/C/qMQPy3pFEFlqdVE8nrMDihIBwuBM1/7jZI6jqgVQEEKlks4jCDPOxg==','2022-04-22 14:10:22.505764','2022-04-15 14:10:22.505765',33),(412,'21Je2K58S7NNpTkWPAKBMW65B2zfkF/Qoq4aHP+l7Erzo+B+tqlDK1sEV41y2VfqnFkFu6mwJGaJ0pgkyUtA3w==','2022-04-22 14:12:26.524798','2022-04-15 14:12:26.524803',4),(413,'GBbEKXtS7Qj8dNcYoDPlndvofhvzWXvjYLfEJviC0OOpCJKVvV2yrX3XQrEVnLZTNM9r/7CkEVbhweTLDT/oDg==','2022-04-22 15:18:33.994842','2022-04-15 15:18:33.994844',35),(414,'x/pc8fjCnfdr6wYvgbKnnrvNMo1QEEQ4lzvA/SS4/Zmd5fDZ80YF/2hbKteDsGqgXQldrRSIjni4LX74+CqHjQ==','2022-04-22 15:22:07.794805','2022-04-15 15:22:07.794807',35),(415,'rGNUqQ1wu8bupwM79UxMqxbAx9JPkPFBCPNzBFIetPIPoD11oUWiuMuOUctqM+ZHuLJ9LapInhbYmUYTjEKFTw==','2022-04-22 15:23:27.999633','2022-04-15 15:23:27.999635',1),(416,'mz55W7VfYP0OwvhSN8tjjyIQLkaUO8Sjw0rJkLA8mDIPHwOEjgPKYnXvCosyUnShbZlMhetQcL7mS181NqdqdA==','2022-04-22 15:34:33.523333','2022-04-15 15:34:33.523335',8),(417,'PS/W62HJPWx7F7+3VzuP5UYUeKiki1ikWe9vxchZzF35ANe5Pe8IbxV3al/Hxtc9HqwrIGKrkyCUZUyPzDdywQ==','2022-04-22 18:59:50.113696','2022-04-15 18:59:50.113702',24),(418,'z4qSRaJsmd6L875Jdvym4wTQz4u1cX7s/bjO3VeefBixDYSsa34UvVK/Fp6vFsjHY85aM1NlO5nGd9lHC33Gzg==','2022-04-22 19:05:23.089277','2022-04-15 19:05:23.089278',24),(419,'dPf0eFp4hPOgc0/FVJKreAsKff6TJnzWrlSxu7/Jsop6mwJHV4M39sDrtVoCWSQz0ejFQ30Ku6TLl4nmLat+Mg==','2022-04-22 19:13:41.979697','2022-04-15 19:13:41.979699',12),(420,'vZdUbh3QYnwUzq7GW26yYaOUkksJy5DNltE/AKb8Ylp4DflUFvmyYgbYGZiSzVGKGboCynbMhq64XKHFIR3taQ==','2022-04-22 19:18:43.839833','2022-04-15 19:18:43.839835',12),(421,'oqpW9Ldui8HrUvOlOYyJe3u//ogwQYjC1JyYXgXBfARkWFPz8eiUYrGlFUcUmQd6tWpTSB8rZkRs9FnxTr2z4A==','2022-04-22 19:23:45.500800','2022-04-15 19:23:45.500802',1),(422,'mZmxQtzzgBip2i29BUxXF2DakuhlSUkJUhAxsH9Z5PSjzenU+D3lo9SGyXpMPSFLaduQnVswhlSD/YovValvPQ==','2022-04-23 06:04:34.699648','2022-04-16 06:04:34.699650',1),(423,'DN/oNvDGbWU6gGIkQ6Ji9h8AW71SnvzLM9xofina6b7cfqPBq6Zlb9TSl+9lSHECVvjZuL+Kcek4Gsh4aDHSrg==','2022-04-23 11:49:23.149739','2022-04-16 11:49:23.149740',8),(424,'J63R+yegtMblEYfOerWx1CJWjnHU/ErnoGj0U2Ukxrf7CnhJodW1H1rdUDYVx4OIB+j0tF5jOOxFzIfBJSUJFQ==','2022-04-23 11:49:23.570223','2022-04-16 11:49:23.570224',8),(425,'rRbk10VMAnOZSqXnbzJpECvPppPmExOkGK6QVS+JGXn5jVdMr+m9+8VevUBuc11RlgJQJVb4vdzFgIlY+piGsw==','2022-04-23 14:18:23.852437','2022-04-16 14:18:23.852438',23),(426,'T6v/1SKUK50wNwbgTDNpwIuEl6thITqurS3kXJ2ZM5tmf2ys4UnfPraxe8ALsVVLtSsDlW7VwlRhtd/tjS2I6g==','2022-04-25 04:30:27.469590','2022-04-18 04:30:27.469591',23),(427,'PVBitcVKbElkoCdgnkzl4toKlViyudutwqn7vJHHRy0bHJ0vTV9orxJ8ZpV6yljuXyo63fIaTPVUYsS+IHUh6Q==','2022-04-25 04:37:49.245040','2022-04-18 04:37:49.245041',32),(428,'AlIAlblFh3B6B/2EpHXvMHRCl7QWWfsrjRJ3aBsCWsqWbXgomWVPK96n5pRF8ogbubKg0uT0V79/6CNy+PjYPA==','2022-04-25 04:40:50.932932','2022-04-18 04:40:50.932934',5),(429,'8OG5+XmqLfFb/SMFRqbM7oXd4ly7d70ZhChEYyDQ7mArfixPstQl1azDnW27lPeM6pzIxsnlAsYMtvXlWxnfww==','2022-04-25 04:41:04.261525','2022-04-18 04:41:04.261526',23),(430,'WoZMPh9wjvfLyg3ZwMGuFS2iRN2a6fykXHOsoXf8PKvdlXWfTQ73pK4WcHL66k7qnB4pQCJ2vWVeqbrqlu04xg==','2022-04-25 04:45:57.768717','2022-04-18 04:45:57.768763',4),(431,'CCNMJadZpSWMpzvgNVNPoYyeurX/u3LibO/nYeTM2We6PbT4lCPEGnxbq9AHdrv9O5aIHK1hxJPcholJ/sCsvA==','2022-04-25 05:15:31.302771','2022-04-18 05:15:31.302826',4),(432,'mvrrOzdGOdFbUyIMnmZWY9spj5IDPfpjf62dEgTEsJ52sMUJOM9D3QgQvQcxFwuuu+WjAHapQJm49kdHU/Bznw==','2022-04-25 05:16:16.081671','2022-04-18 05:16:16.081672',4),(433,'jITAsEW5i9dWzUHtFU0EQLjEwAzMm4/dqePkdqgu1jjBGHGHe+ZZEVmtuAmilDcbzUZbENznQKLlBKHFB4yrnQ==','2022-04-25 05:16:59.863249','2022-04-18 05:16:59.863265',4),(434,'x3olY+AJPxeb/QQrFvdzWyqgfcJAgHfuAQ30sI51S5pnOSuW1M7LWiC+z1F/GQ4PtFmej5ROH2e2fjU9Z9IEuw==','2022-04-25 05:17:52.493823','2022-04-18 05:17:52.493837',4),(435,'J2OMYsb/5QVcmgeR+VLJLfFytrf6clG6oAR4Ew8wAk9zeyM2p30lF05eMmzWER8we1SyPvlceJZL+nGWU18FRQ==','2022-04-25 05:18:35.198816','2022-04-18 05:18:35.198818',3),(436,'l63WeXNtwScy/ggDpcdftz+DNeen98xOlj1i5H8VSEW92P4OCa8ptQt1b8xRgH+S4lezXTLPCYrsxaky66GaXQ==','2022-04-25 05:20:09.371202','2022-04-18 05:20:09.371204',4),(437,'ObzInp7QogR+VrCYvktMgVVatWqVVLdT+g0NOwpDALroXvev7YI+4Ju3PZfexBvJqIv3UvnX5akuxL8qPUyn/A==','2022-04-25 05:35:08.559605','2022-04-18 05:35:08.559667',5),(438,'jw/qKECYzNacy2JR5a7Fz76surXIcB8DnPjICPSIu1LbWyNwp/1fpsnIIgbpdPs7rTiKIoRHLkKwh+VO95mNSA==','2022-04-25 05:35:27.256567','2022-04-18 05:35:27.256671',4),(439,'wLasBuuqEWaa6pm+Y38L9JChkSNBCevAxcjPj39X/cCM4cAuBg5Y/mmRRGNHi/J2D/Y1Gah/MOIcG2J7fQ8iEQ==','2022-04-25 05:36:05.220329','2022-04-18 05:36:05.220332',5),(440,'1ByhsQOyoyl/IMkYIHWASnXmdNriJJl8snxruqcj1WQBXU1MTJajIrNYhGDA65P0hZPNoV2owVOm4OGjHanqXA==','2022-04-25 05:58:29.016478','2022-04-18 05:58:29.016524',4),(441,'+yGO2uhQy9F7ViK5lBv4RNhYdSscnFSbV/J5pQ3hvRV6VjI0zeMOe27Yoj1/ZUvFOBhWexIianQgx+1qgmI7GA==','2022-04-25 06:14:12.942981','2022-04-18 06:14:12.943036',23),(442,'glTRGuq73z9W8bsyvmdkoBcBJ3q7znNffhof5Hh3xfTI6xHoevzuy4kjyUVRmXbSwQJFT+18MIY90rtcue4MzA==','2022-04-25 06:26:03.191347','2022-04-18 06:26:03.191456',3),(443,'stti+n9pMN9upt0kAplxs6Ya9XJuthuLlUet+nw+Y6WKyjMpss0QdBay92irGre3qH7oUQI4P4umk5mXACNUpQ==','2022-04-25 06:26:39.295098','2022-04-18 06:26:39.295099',3),(444,'0Q4UFzw5NzckS0atZ4hEWZZj/oNSidQmgxduoDFTrD3c7xT6es8pawRfNcIyN4ZFWgL3HUXI1/U4LJzZfmeW8g==','2022-04-25 07:15:55.478842','2022-04-18 07:15:55.478889',8),(445,'VIxl8TUbPgJF8imf9SNZY16qrHjjw7/SPbD4F6u2eVcHqGUaSvGcJtaBW5SEPc3vpeIIkXZiiFYqKU5PdQ5njQ==','2022-04-25 09:28:47.867750','2022-04-18 09:28:47.867808',23),(446,'zQegplbKG1ck7FgS28r54oag0846W4hPnfda6Wd7ypfd/xvjsSFuoMUyewX92qEz0BU0C3+chdvJrz11IAekbQ==','2022-04-25 09:44:02.181702','2022-04-18 09:44:02.181704',23),(447,'tV6d+7XedqI+hmVNPsf/n9jCYJy9gv1zJKFkcN3Q+YYUT9DZnjYS8pryN2e6c4rFhNjT0IC6LPLXkDGRHfDsqQ==','2022-04-25 10:07:07.417787','2022-04-18 10:07:07.417789',22),(448,'QnKNxnfOrIWDLY7F9luPCYrmRbJ9b7eTX1ZmTG2kE9r4qRYvH9JHPMYdsu4YwcJPc8mBY6alA7HgdBtJpKihtA==','2022-04-25 10:10:35.563361','2022-04-18 10:10:35.563362',23),(449,'GU8DruXG8TGsChdL+ItqYf0esWJ/IhtNSJHhYZstAsQ7J/UI7v5+Ih7x8q9clxsxhOUrrQJSZLJaX9gEyoP9wg==','2022-04-25 10:11:14.712569','2022-04-18 10:11:14.712571',23),(450,'n8wrgbMdx60GQjktL7R81XPGzF2syqV6lKZZ++TsDKmnKLeClHN14kERuwLdck21+qVYggOOQZSG5ubFhPGsbw==','2022-04-25 10:56:27.050753','2022-04-18 10:56:27.050759',23),(451,'WvquqcfiWa1HXW+vd+/BouhXjwl/RQihZgqsv66+Mb/S0Fp5q0kmzsxTBnWSAzXE9LdS6F/9Le4NrWv3dC38Wg==','2022-04-25 10:58:13.678056','2022-04-18 10:58:13.678058',22),(452,'a2Z5KP+YtFibMTjW68nTnvPv88IMQok8r4y6vxw0QmeKRn4CleLnGr0jkJ/bH/36KGc2fT9lxMDWSdHPYfeyKA==','2022-04-25 11:24:37.242965','2022-04-18 11:24:37.242967',23),(453,'aP2jtGICTGiM+PEX7kiqk9Hh/zLC4zSWM4iykvO5JS1XP0AOOV+sAowC5rmwYPudiiMx03pOOF54uUjvwEujIQ==','2022-04-25 11:51:50.154803','2022-04-18 11:51:50.154804',36),(454,'wRgX1dZFNb+34/bh6Qgb9zNWXcP7tz2KKLMYCILH/fKClobRt7DM+WYngyQ1Uhh82QrEYhvxW+FGzDwHGM0QJA==','2022-04-25 12:37:49.965974','2022-04-18 12:37:49.965976',22),(455,'8I6DknEuqaezAf97Q4i7yDrLzzo9W+yFdjzDtZ05nI9Ii2LMtYN2iEL0ogPdO6J+dmqrC6d6crn4sCJ4yzEKhQ==','2022-04-25 12:58:55.499214','2022-04-18 12:58:55.499263',22),(456,'wx0nGz7KushvWw/HSe3dQxKx/ob0XE+ZNNe7amPdZP63uZYqcytKt5nwGoHa0gofkXybNHvE2YPGB5o4uYkgSw==','2022-04-25 14:53:52.817317','2022-04-18 14:53:52.817321',32),(457,'0HOojFA1b/IqO5qrahzGtxUeMmhgtaGKoQBWdPZOLkVnMqiR/ZGfVkIFUbb3b4nRkSF0fvE9rHOVsCOTv8+B0A==','2022-04-25 15:57:11.297594','2022-04-18 15:57:11.297599',4),(458,'Bh9WAmGfpSpA7BzDXjUwvmYP2EydlP12eckd76/AnyRjQKwmZOqHkEvhod8wBwwInLXu5CUq2XuYD91iTUZfLw==','2022-04-25 20:26:34.764238','2022-04-18 20:26:34.764283',8),(459,'Dhv79+mx8JJHXLhj5+45p6udGGBr2j5ElTMXKhDPkeCbe2YFqUkbrEye1cNgwdjVlinN3o0qe2E/JpnNK4UFvg==','2022-04-26 04:28:01.290421','2022-04-19 04:28:01.290423',23),(460,'BM/Pu0RMex6bzFwPaT0zK8dkoSvPNQS15djXmbMQfz8EwH4/fL24KoYiUX9atyxn6ZzpV6O70z7LRKtmSctVnQ==','2022-04-26 04:34:07.020288','2022-04-19 04:34:07.020293',22),(461,'4P2OKNAl1HMH7noQ98JMTP/SENcVCLjGeAqwchYEf76Is/TF7t1gzIK7EUUUVboIQoqsg1kM0za3j0wyXWssug==','2022-04-26 04:46:59.574069','2022-04-19 04:46:59.574070',23),(462,'HhW+ZUav2PtA9bweJGXaPJ6p9R2b4qzZ06ouh883fWRS6u3yovYPAil0cfthMqt4cbkKazo0CijsD+eKGch7/A==','2022-04-26 05:03:17.872606','2022-04-19 05:03:17.872607',5),(463,'XslqgjegjQXPg1uRIs18iK/c061KPbqAPPXsg4c+kSj2p8TiMSJQ3nm6UtU3qkaGvaDtp0mEraQzo0HswJ7qSQ==','2022-04-26 05:11:02.986522','2022-04-19 05:11:02.986525',22),(464,'+4B6xDETed1XBX5K8U9Bg0uSyjf1ANEcdWQnm7FFf4/ZhLDUJgaAunsE+bmSESigs8EnxnqMydajR7Ym3Pnuxg==','2022-04-26 05:22:38.981019','2022-04-19 05:22:38.981020',5),(465,'5hnbsqKmqGhPVRuVtzb6TyRSI124zmMRhlkrPOa1GFcuRAKqLirqL5v5zNrqQsLs4M6IjJRDIyKuxXVqF73UgQ==','2022-04-26 05:25:21.818096','2022-04-19 05:25:21.818100',5),(466,'E34e/jhVbquQ5ZIINr6SdCY2A8/y4Lcuf7cwJqWBIDjOPSmwEXgZFylBKpor6WJleoTu7I24GCnmJi4uYYhS7g==','2022-04-26 05:29:55.310430','2022-04-19 05:29:55.310431',8),(467,'A2ibGn3KuFlEJYkUBVnG9MDRHGIYb020XC8GalKLo+fIWcPRYqbhU9x9YTs7v3jsHwMND98O/QoNgQoog4rbzw==','2022-04-26 05:46:50.114525','2022-04-19 05:46:50.114526',23),(468,'MtbzxGNmsHU2xA6XfEIsQkFUNe3PlJt/Tryn8EGsC3K4sKmw43BIijSOSXYQ+ciQIQK83ReeIjJ/zyBZVSLYMA==','2022-04-26 06:19:43.498149','2022-04-19 06:19:43.498151',23),(469,'cQVniEqrD39kQrLEJp92Ji0phfL7Xbv4bTU2OX5XUfZVoiNNt0bCtcW5n0ZEvv0qws4rG20F7HaU8tfg1C3ITw==','2022-04-26 07:26:21.487618','2022-04-19 07:26:21.487620',22),(470,'MnGN5UsrGXxlQrckBlrC6GUXUuxSATX4tWMFUQsC3HHGT5zYNHsTbhGWf7BCWcnR6L2uQJvkNffkFAm5NPVCkw==','2022-04-26 07:41:24.067212','2022-04-19 07:41:24.067213',22),(471,'72RASgU/waXFNxg2dK3JekqMfOC90b37PzRfLg05bb21rG2i/fV8vNDlSZt3FVNWa4XQ40cx7ZJvnciLHmV95w==','2022-04-26 08:30:55.308023','2022-04-19 08:30:55.308025',22),(472,'MK55BrLfBuJhXtiXGFaNewBP87IT3V0RRnp4P9lHcDWQLpTS0LyVvuPQVyqRIMextV0ADmYTk/p5zjCMbP2fPQ==','2022-04-26 08:41:35.979883','2022-04-19 08:41:35.979884',32),(473,'LVfWT90LAYktVUe7JMRDRC5pOXUlGx6QEqT710FHUhgcND4eGrZM+zmvQMEU0t3HHxcdw8DqUw39KpSaIGi9Yg==','2022-04-26 14:17:14.146348','2022-04-19 14:17:14.146350',23),(474,'KwWEOSDQSU8qLj2stDER58hEsBwhroqEqN4hlKgcsrw/RyFtSNPhun7NNb4CjW0bsT/yQwk00kvTyWA+p7m8HQ==','2022-04-27 05:26:50.113354','2022-04-20 05:26:50.113356',23),(475,'6774n1I5Ng0+IUIyfR2vPDEePbBrfin5yhlo9AKIkgDTqB9hca83JMp7lxJLBu9za116VwyRt6ISaayMWAOwFg==','2022-04-27 05:49:18.923975','2022-04-20 05:49:18.923977',22),(476,'G7e/Ji+d+qPhAK3np7MnDXFf2yG/A/ChIlWYmGXi+aOFozsoZU7A7LwAVizWAj/9I8swscZ0l/cSfa3OC48pRg==','2022-04-27 05:55:18.674743','2022-04-20 05:55:18.674746',22),(477,'LRc1pCxe0UdQOZY1uHf6e6j3P8bFG5Q5ZUz4AOQqdLAEd8yUqSHVG0NlQvDZbJzSHQIlCRoqgsPpDQLCEk7QJg==','2022-04-27 06:26:06.202520','2022-04-20 06:26:06.202522',23),(478,'zKM4OJsw/JWBa7puZMjnFCNXPNpMbATtmdHX2oZ+0DUxrgGm5s+GgQ4QDM96J1wt/sOUz19dLKwSbkJ5L/0H+A==','2022-04-27 06:42:38.003120','2022-04-20 06:42:38.003123',5),(479,'d4lPXSnnD6NNdzE35PUT4fP0Ur/Je8/qZl+EDlEQ2CUrhiXElNwFSamRxSbNFPoQsHY11zIYDdDGWFy/Z4b1Zw==','2022-04-27 06:42:59.838149','2022-04-20 06:42:59.838151',5),(480,'bebhDSujXgtFsU+jiOP0jDvFKpaPiK7tn6dTmzQ+wtDPyOGO0oKRIbb6YlkiD0c8q66/UG6Ki/fNfa2ZLb7f/Q==','2022-04-27 07:23:21.403638','2022-04-20 07:23:21.403640',23),(481,'DpIjKK/DMLvx5g6PPYOK5eqkfORDUHrf0tO3+Lzhmrn0Cpu9RcmyzJj2H+SmR+HTmySIa5wEfZqZFusQVJTVDQ==','2022-04-27 07:25:57.573287','2022-04-20 07:25:57.573289',23),(482,'6lIoUSTqNo6YawB6+AR7z4yYrOqjn/PrXc0ttRT4FvPOeGv054t48dIk+KzE42p3Uu/AQK9xY8S8wXb8WGBtvg==','2022-04-27 07:36:46.586044','2022-04-20 07:36:46.586051',23),(483,'VMZibwbVjzVDbgv19+rJX1VCQy2JfIZZV9+iOoUiZ398nHrh+DN1g8uSETYaoopImui7ClW9JKycnYYxxuXOMA==','2022-04-27 07:38:13.858463','2022-04-20 07:38:13.858465',23),(484,'fpp6abk1sV4Ng1NU0mhFxYIcegVAHQBUf4nh/hZub8i8iNjCBF+WhpAiUM07qtIDgQA07QeybLTAbNzhbCrWZQ==','2022-04-27 07:44:40.447111','2022-04-20 07:44:40.447112',22),(485,'rFnZDpcn7gAAUBjyRfS9Xm2zH14l4yXB5PCMSBvE1EZJCWfObyPv2A/TH1t8qInolDg7vN0MHRiCbE/ERdiCYg==','2022-04-27 07:50:07.566138','2022-04-20 07:50:07.566139',22),(486,'hbMEdGTmKlQC787HWTYQ9hXv4JMl7WUgeL5lopq0+psm093ZxG9wZNFjPjulEgNGYB+HBVltgZ5dg7o3b8lR4w==','2022-04-27 08:01:54.432345','2022-04-20 08:01:54.432428',3),(487,'7gj8C5NvJzyAFqQDlA0v6rBft9CG3ajO92j8PEgkz/ixEhF1Xywi4xm6tkX+lmKjkontcQeW0CG1SSuxiwR98Q==','2022-04-27 08:05:28.200090','2022-04-20 08:05:28.200092',23),(488,'iE8BwhXtLTUviet5lwdpK/IrABs5X2XEZEnWCpV0M/okKky7li5Hh2L+EZ9TeX7Y/4lZspimT8co1K5s9L+V0g==','2022-04-27 09:23:50.292825','2022-04-20 09:23:50.292827',8),(489,'JD4wTADGgSZRxkKxo1f3UpOo8CWdwTMD2pEOC986M3LbG4+UfmUGkdY26Xwk4D+jp3mBiu+Ya045TmxVnE+Vkg==','2022-04-27 09:26:08.203086','2022-04-20 09:26:08.203088',1),(490,'Lj+LNbnmRqNeC13mi6WZ3ZKM8xqe5QbGdFtz+fQFQonyog4dJ36Ya8wdTumIniG4HCX4TO/onZ51HgDZroUkzA==','2022-04-27 09:31:20.162534','2022-04-20 09:31:20.162539',22),(491,'emZvUlTUCQHbaEOasxQO4XiIXWpYn5CJLB15Tco+Wc2XTkZbSOHhK/0aIqgerqvQJ/mVQYNIYGdviiCj/DxhDQ==','2022-04-27 09:39:57.550154','2022-04-20 09:39:57.550155',22),(492,'BUjkcH9VIxA4QNLTpvh+dkh/AsSWhhSiU6FqWOmlwKlBg+P84M21oanmcuIKJ1QhfCkk9Erd+xP5tukl3pwU1A==','2022-04-27 09:50:51.880624','2022-04-20 09:50:51.880625',8),(493,'p4/qH08vftFzW4tO8V1H7VyWhVQrxnLqk7vrX3rTBIvxOlmuOsB4PE39ghO+NBIzzJqX9SO7TaF/waF+b+dkdQ==','2022-04-27 10:13:03.923468','2022-04-20 10:13:03.923469',23),(494,'u5VyjcHV5yqVn/Ml1GoMD6zKOPZ7nyz6wWZRiB4B1u368XKa8no1aHH9jQ6XXyDew6jTl7M4tK31XuFZqwoEPg==','2022-04-27 11:15:17.985425','2022-04-20 11:15:17.985472',8),(495,'U+swJMSh3JYUm6ht23fNuS+6wSCcHjjGjLC/+KFzR2FX7VY/OMHQd8IjQdEP1lsnxXRAXUyuf4BI3UNNGvlz/g==','2022-04-27 14:16:57.167662','2022-04-20 14:16:57.167668',5),(496,'p5tzswS7ZbCEJgtNDLyQCOK0L3XJwGZ2g3DylL11scLeMkeDrtU87ki5jXAciPNwFE6fSeHjFvlu7PxpSUfH1w==','2022-04-27 19:13:36.211453','2022-04-20 19:13:36.211455',23),(497,'JxPQ3OupkvTsi5zpWa9ELQ+FFic+Eg3nTguD5f20IcadLXw2eohPeH70CXTFF8gkyB4bZa5fRo8s/MaSfv1wXA==','2022-04-27 21:34:26.917616','2022-04-20 21:34:26.917620',8),(498,'zKW2sA3VA8jgnjAxazOJ6RCFvNqJe96Mu+ZAmQOfmXvok94cqu71obUYJE6JOEjqTVMP+jXr2P7YJU5W1oCESw==','2022-04-28 04:27:14.076048','2022-04-21 04:27:14.076050',5),(499,'7U/P6b2DWEvns31ApUlp34N/cvhjqMsv+Z5HgJInnaUlPCAMOIZe3jIao8KOu6TxN/eNwrUgMD6SAArMmPW+qw==','2022-04-28 04:35:04.164610','2022-04-21 04:35:04.164612',5),(500,'ff4gZJcn+kz2J2dG70g7RPS/Nz09Kc4LrL2IkCLm2OQ4Ytqvz/yvdifukKKQguRQASgWyXgEq/Da2HL44iG2Pw==','2022-04-28 04:41:25.885188','2022-04-21 04:41:25.885273',3),(501,'Jup3oF67d5mtV0XDx7ljMZSZL1xRmHpD57J/eMqAn/4QTRFmec7qGlVMEITlCmnzfDD5n6bZTwetpN8ubKKGmA==','2022-04-28 05:01:28.256404','2022-04-21 05:01:28.256450',5),(502,'WGcweyLTeo+gQDE7rrYoAtVq8l22omYELBfZUCkHxoFSoozqCpJ+2cz2xsbm5pmlaFQ4b05/h0csChhrtMGA5w==','2022-04-28 05:01:35.113054','2022-04-21 05:01:35.113056',5),(503,'+ZsOIQ5HRRsr8IOXpnds6jA7zkxoKzy8jtXUbwD/gbB/x7V5MqpwMY/rAvxEu2Zo7yR6aiVBJN9qT3MNnopeOg==','2022-04-28 05:38:37.346780','2022-04-21 05:38:37.346781',24),(504,'TV61sovAsAsW8BnebgQQo/1GdbuU8M/tEkzzfql3P45LIHoV9agNcWYQmRxEOIH/327SkUxZqoV17YWcClKt7w==','2022-04-28 05:54:17.563592','2022-04-21 05:54:17.563598',22),(505,'LmjaBoI79RLj2XZx+JXCsVDJN5b3IGmA3gBierIht5kSbuG7S+6svj1B75lWqs/XLNTWZeg2Yn7bs2ANoHYUDg==','2022-04-28 06:28:48.438444','2022-04-21 06:28:48.438446',23),(506,'Dq8kxwirBMZAX6aMvd36dXZKM7Fm3iAl0QgO+zyOw7mk2NRj/ahjtG+n4TscXACCVKu9BhlcISN32vSLw3On8g==','2022-04-28 06:53:16.205901','2022-04-21 06:53:16.205902',23),(507,'IqjEqOhibCp42phBhCQgXxqr6AI1pwQZaW+AGr9GW0QsjAZbUCb9HiEcKHMpy3CmQY5fnsYOHIu5kgCb2LUdTw==','2022-04-28 08:41:34.985087','2022-04-21 08:41:34.985088',23),(508,'Q4PnzBsi6QprlywgoyVgF0wg8g8fLTum0H0UD03bBxa3xXoljeoTURpOU0qCmTfLgIbLViDsAlOm3S0UY7/nWA==','2022-04-28 08:57:21.362976','2022-04-21 08:57:21.363028',4),(509,'g4XS0weSQWFXfPE64uApWdj40cgbwBp/H1AbBkkRcYOaY3Aqu0vDy4CYjx8271xUoXy11OWMffdv52hkca0IiA==','2022-04-28 09:45:56.671281','2022-04-21 09:45:56.671330',5),(510,'Vn3Afy2UauHsH5glP0sVSBCEakBIUGkn9ikf2mXjQMrth80V8CySB98fmusKfXbs+GaohVDNFuqWJikVNG2CDA==','2022-04-28 10:59:34.871528','2022-04-21 10:59:34.871609',4),(511,'qrcWYDpoXZ+p7vkkSQS0Rh8T/MZ+IETcwQswffE13l3fZf28lNdAxC2EU4nL8wC+nh/+Dn5E9pYoEEcCJH/doQ==','2022-04-28 14:43:35.538350','2022-04-21 14:43:35.538409',4),(512,'muIG7priGWdHVEGijonZR7JrZCFJUtDU7JHsEsu+1plz3sdnorkPbZhC3KjYqNHlW4RII+5kcOb27A06m4/bpw==','2022-04-28 19:40:36.050003','2022-04-21 19:40:36.050004',8),(513,'PUNHZmgV+kvfqmzvL51jzqdmEG0zFVYTrt/fNKZm153BReawkdN3YxMki4TiGnWAX7TdSy1MVKOSrO0GYRhSnQ==','2022-04-29 02:46:42.423782','2022-04-22 02:46:42.423784',1),(514,'PGwVZ7Cozaslry9WNLSgcBzGbbRXzJFe7q/ZaeBprWnfvEPS9OVcGawh/7Gn9MdwRKnfuRC7ZGedNTUQI9eVKg==','2022-04-29 04:13:23.883479','2022-04-22 04:13:23.883480',5),(515,'iX6NuSBQlNZRo696UfSq/F8JcgBbu2GBvbEFcb0ZdChA858S2uWtBxAPUT8zsbXIkAp1k7hFvYqZKwtYY6Ok6Q==','2022-04-29 04:14:03.380821','2022-04-22 04:14:03.380878',5),(516,'nFxLO+0qcBG22lVuDIVCnX1zk0jGxikhqTEhPf/HDil2ww7pSg0gOQWa4g3+sCvRsXvQu7unq2zrh+ojYhOKEA==','2022-04-29 04:23:34.494130','2022-04-22 04:23:34.494303',23),(517,'2ALQQyE846Ss6X3LyAXnv/T9WDt2mvl1tuqYnWqe0t9QEPk556FLYvhwip53NmveEUaPwgX9pUQgdWVxamSQwQ==','2022-04-29 05:19:26.434351','2022-04-22 05:19:26.434354',23),(518,'lJwin7QgqiexZuoV0tf7JtrIXt9nukOm8b6DSEhmCBDdGLmV+UOooKm2ocygwmwbQPXQXtyCNUFwoU/5TyNFxQ==','2022-04-29 06:15:56.024380','2022-04-22 06:15:56.024430',23),(519,'JajQl0fIKEOKdtabqM07nbpwI2uXeMDYnY1G6nxh0GUALwa8CWiYcTdvxnjcY8snzUautqnMeUw+qfdFNmbLqg==','2022-04-29 10:31:50.501477','2022-04-22 10:31:50.501479',22),(520,'0ihYPpKmiCnHvATui5h8nfemiA5JrY0HUfC9RJM44GMISHKib2KU7j71lIza3PNqP67WVZIeAOBW+xp9Vdx8XA==','2022-04-30 04:33:21.567246','2022-04-23 04:33:21.567248',5),(521,'WfLG69fKT/Tyc+YgwRyWSptUMGllIbdX2WOPOLnWlNAQIFkKGci8NEbkjsoCDDEn3pOkf3t+HQRmKzut/LIsAg==','2022-04-30 04:34:23.684125','2022-04-23 04:34:23.684185',5),(522,'i3BwqdIf3cAVYwkV2q+8JhDG4yLV2OgBPRj+Fhy9ZLNFlPmjwDtyBPfRTmjrBHGX27UzsQiWtearze1+enlHXQ==','2022-04-30 05:12:43.586055','2022-04-23 05:12:43.586111',23),(523,'bNmFDeSaguZCCzv0AK+bOxnW5gBnG+jTKAw9XrpqRbDHWPA0ch+TlYSNRJJ2jsXs4f31Az9dIprl8g3gsgGkdg==','2022-04-30 05:16:33.821037','2022-04-23 05:16:33.821039',22),(524,'ZMOdBGhM+h4TopADTl4Nci7p+L7/NKBN2Msma1bpHTSRmWDHJLuyBex8edd4J/lXvjGRh1tMyr8SMWD0GtNfKQ==','2022-04-30 06:22:08.872174','2022-04-23 06:22:08.872254',4),(525,'u4CnoLbb+MmSwIka5Ff2wxsQh2xPVNkLdgw8Kxa3RgpXiAwX2yR2imfIaVjW3YERmim/JHhHJKnShzEgJuIVRA==','2022-04-30 06:43:40.052716','2022-04-23 06:43:40.052764',4),(526,'LcRbMJ4WnrAJkzxhRKnAxcI2s5lfEwh4MKEKGzCRNWuG+fV06jfduQyGBl1DWNFJsIFF7x4JaYmC+qQj6IbUFQ==','2022-04-30 13:11:27.586205','2022-04-23 13:11:27.586206',23),(527,'1iLIwCPekoVSI4MR2FUsG6Fh1f0bGHNlzZSk6N9rMTkZcvv2ITsNakCANp6uXnfZ+o/WA2yu+x7WTOsbEBENTg==','2022-04-30 13:31:29.609104','2022-04-23 13:31:29.609106',24),(528,'i0Zm4gq2p1X8/oy4L14d238lzmq0hfyqx1tcsmEKUgzj7+3E+a6AlzUdKja+4fpmqWoC/zLmfRj9XTFaEaNa4A==','2022-04-30 15:50:49.048784','2022-04-23 15:50:49.048785',8),(529,'uhaSB9g8zmEJ+gpIEWhQfepCQYM9rrBYcG97w2vDzAP1k/UMr9AOUdpOgl0K5sDDdR3ai3mfRbFCI9X+7PxUFA==','2022-05-01 01:26:21.561544','2022-04-24 01:26:21.561546',37),(530,'N0FGq8Zl4k9tYDwlK8l5a86L/2MHL6JckkbXWgpzC6twugNwFMsQY4uC4Nma6dmXYXRyCzk949Xyhi+f0F3raQ==','2022-05-01 01:49:22.617106','2022-04-24 01:49:22.617108',37),(531,'Bys1Zz/x7emgk2CZ6VD3sd8dF05YLMkNYFt+YZYUnSqM5pfWEHi+idwTnXJlah22u/zP7PlwbMkvhz/0hAAroA==','2022-05-01 07:09:31.773616','2022-04-24 07:09:31.773673',23),(532,'vDI+GTt5rMXJCzMxqsTu9+OwLd4SCSiFCagKWBbRLR6szTJO9RVjap1rr6rSlddn3qMjhwqhd0KpsEr+p5Zy3g==','2022-05-01 10:34:14.250380','2022-04-24 10:34:14.250382',37),(533,'XRE1NawIPw5zfksGMzglbD/JkTo2RZQbXbOJh8bse/SyIn8GaIEhWiUvhoqVu3wb8TqnEX8DzTUPPM4cKcbq1Q==','2022-05-01 14:00:31.195057','2022-04-24 14:00:31.195113',23),(534,'BHGbPZaaF/1pvshpQt2kg1q5Kj7GPICb7CCHnCh1BV3jjx4lbc6M99KMZFIbwpHlRikY2xlssmpjnI4wKqjN1g==','2022-05-01 14:01:57.958789','2022-04-24 14:01:57.958790',23),(535,'lB+EJ9EXk4Pq8r7BOSQAXSlInDF1tZuh6sbeCJ8qqwq44tWxgYZ19vTjMbhfI5D/eJAzwpyHJnobTufFZ4N3+A==','2022-05-01 18:47:59.452658','2022-04-24 18:47:59.452660',24),(536,'8oVL5ETn802QD7oIYKhTQaUM+vARCu09NGkTke22fzYhKAYFpJVwMM213rk4dtG5HEPsHHbuKFynK8eJK1pqcw==','2022-05-02 04:20:07.637821','2022-04-25 04:20:07.637823',5),(537,'WXp2S04sZRlxUwCRbwLvAkGFKOa/2AlhMpnc05evYR3Lcyi8oxG8HHD+RuS1bmERHq6OYYfb1CrdMw9M4IIlJA==','2022-05-02 04:23:18.502156','2022-04-25 04:23:18.502214',5),(538,'TmsfRYL8rCK0ft7lBFkPhvhEFTBal5U/UOWZi94ueJvTxumG7BnG9bnjKEoZtLJTVDCCMQLFzl8GnbPNqtjz1A==','2022-05-02 04:44:09.991354','2022-04-25 04:44:09.991357',23),(539,'8YcGkq8w+vcCuWnxUoAyt92RDP9fI3CT1teEMz8ExBYsZzdTwXQX8+Yjn1+MlPxdPvGwEXQe2KecHYf9t1uPlA==','2022-05-02 07:32:01.951213','2022-04-25 07:32:01.951265',23),(540,'WKhJ+MJhPn7l1LJFTtrDRRBcvWO5AoI7RQJqDTkGERly/+Kj42daeoAdduXRV4LsY/5QTMErOAlpy844SBQrxA==','2022-05-02 07:51:52.689528','2022-04-25 07:51:52.689579',22),(541,'sKU9PCQtm/EyvVF5AgMux9QhKycFrrYV7OqLJaEdIOHX43CN5520/kjob/m/cOXoh7Zvati1IP1S/cI0OuDzIg==','2022-05-02 09:50:18.311300','2022-04-25 09:50:18.311361',23),(542,'dm3GW9tYUt8b75e3muqnwgfopx7TEw8/GIFfd3qNNRFD7kMklVYn6mvJ63L1vjC3Isaq6S37oVs+dW5TQc9rNg==','2022-05-02 09:55:00.102119','2022-04-25 09:55:00.102120',5),(543,'T89BGCx+++IGcZZA4p4AGZAStTYRzriI/Y+yV0F+upQfcXyTS97WRUBPbS11I5ksq/OVaQ8DCiVUawynhf6MFA==','2022-05-02 09:56:22.653513','2022-04-25 09:56:22.653515',5),(544,'kqkvhPr8vwKRVGBsgAalGJSw1fzJ0i4oM4XK8+mbwZVGjXLWA2bDsQVVmKCZIVxnTxQHHJQUwsTC0/hDrTGOzg==','2022-05-02 10:29:30.060933','2022-04-25 10:29:30.060990',23),(545,'CpfslTLc76LOgp83PwjKaQE9h+JsyJ+MlBv4D4yX/QGYmzk6FtRUZ7vJbCnra4VldzpOZdYfT91YKYQKEaxdKQ==','2022-05-02 10:38:08.459749','2022-04-25 10:38:08.459753',23),(546,'RgJINWM8YlqF4o+juyXcdNHTi/i+YsGQWRFhLgQMOVkpaKTs00nKkmxTnyBK3+gdcHy+F2gfiSuvX3HOuICOcQ==','2022-05-02 10:41:34.025897','2022-04-25 10:41:34.025898',22),(547,'FF9QSH1fEdFwUAj3tg1ZTaLN4qAc1Xs8gNAsi/LBPELuVqgIJF1OOz12ZzjMuBZoaST4apIay4SocK3MAnNvqA==','2022-05-02 10:46:10.659874','2022-04-25 10:46:10.659875',22),(548,'qwfm4oKZwPgP6M8tSrYGfh179aQQPPyBciHlMTeSuYaQnJuuMMYc8uzbXz7iQ6A7c9PuyCVsqxX5hch5gBZ9Kw==','2022-05-02 10:53:04.711251','2022-04-25 10:53:04.711252',22),(549,'odTPeW5PKdZHiwuT6TS3490HUoPKPt2g/MMgxmiWiVrkdZwsgOuS98mi6KazIMcrvBXJZH0cshejmmjMO3bP1A==','2022-05-02 11:02:01.578180','2022-04-25 11:02:01.578181',22),(550,'XmD6EQHJAcevBTRqVsT1dBUnqOlZcJ7XxA26v/T74nlD5oeBkcjghUmy8X5hSciUB76rM+DCGM4BPUkzZO+frQ==','2022-05-02 11:06:29.323916','2022-04-25 11:06:29.323918',22),(551,'pJ1LTcoyuoNQUW5K0uIwF5YIRQhFfEjiqkXLJc5lnc4T+uSSx0tF6nL2H07KkZMMd6o5udQPODhcYZqJkhu4Gw==','2022-05-02 11:12:13.229348','2022-04-25 11:12:13.229349',5),(552,'nC373HQT4wawvyPOksbaXVvehtRC4GcvhV2zCsz0PBGRVOcCiSKaViWQX2lVgzdJtWohc3UmxSGzYbtjdX9ZfA==','2022-05-02 11:15:17.381175','2022-04-25 11:15:17.381177',22),(553,'mP2rWWKWdD5WbYLdfzGQf5nK+N+hI1GTmSwqi0Xmp0gvoFkZA0PolBiB2v/LiGZErBiwCee9NWX7oJXBG9HW9w==','2022-05-02 11:16:02.030113','2022-04-25 11:16:02.030114',22),(554,'NNkWr3xXa96Xt98XWdINM1Vp0QFouXmBlvbelUKQ6NeIkZFWFcaSIuGaZWaSk2NxHHvkpBETZ4YEbjEL59RndA==','2022-05-02 11:16:48.515293','2022-04-25 11:16:48.515294',22),(555,'CBxDhSQQMmJZLtt+7eb4xFla/zAswA2Vkmmn6lPqTEG1J6tbDPn0K1f4INFjKgo6gnVUCXwZp81ARnbE8lJczQ==','2022-05-02 11:19:35.356688','2022-04-25 11:19:35.356690',23),(556,'/Pvlt2yXLeJAG4UPNu+Idv+pkZyfKcQDGxavcCac1gWRD4+JymFxsxSsGLuSg9S3f9WVnKp51kUZB/L7mD4kmQ==','2022-05-02 11:22:50.196301','2022-04-25 11:22:50.196302',22),(557,'NIIJcw7+KZKbFmYFHgbj16BDMJ/vSbsZT6CMNHhtb0zjRQJolJ/Cb27gikRfur8Y3W6K1qwZ5iNyq0e2zeGuag==','2022-05-02 11:25:23.733509','2022-04-25 11:25:23.733510',22),(558,'mRk75SZ/2fXEZeW7vMWKzkOTUuBz0vtxLi5JWi28l5HsA4uQ0leoBcap2T8Np1Po9cLE3TuxVDMSx8m2rfB4AQ==','2022-05-02 11:27:12.534954','2022-04-25 11:27:12.534955',22),(559,'/wu+gUYughaTrszyktcy6UAiQMApTYhG6sa/jhHX6OwAtuS8CCcdybtKcP8CHpjIAtpW15DCViJIVGfs2G/RHA==','2022-05-02 11:40:28.555864','2022-04-25 11:40:28.555869',5),(560,'A5YSUONdfY+O6ZT0ey3VKA0ArCtjfJJZlb7ENssjSQHX/Z2vKaaj9EVzXUbiMH0dzJV8Aw4hXOY1s9WUNFg4AA==','2022-05-02 13:16:34.485160','2022-04-25 13:16:34.485283',22),(561,'WNfgMQ+bTXpJAEZGo+Cv6LEjm52ZsPQUJ/7kWFzQPeI/g8AissJjLUG3IiJ4Tl7NNI/yU60CGMfg4+3rY0wdbw==','2022-05-02 13:24:50.299124','2022-04-25 13:24:50.299126',5),(562,'rH1utWvBdOPSmWRdzFf7VV9gLzVQ7GKz9M8sFMvFsJ+ExRbglpWmpfPbZtJig+ZJJL8NJ8WZ0/icYHBOLrNh+Q==','2022-05-02 13:27:12.452481','2022-04-25 13:27:12.452482',22),(563,'ruwAo+RJkPblqhk0IE4sBr3IuXYk9dNdA64ujb7RWUHOFAx5rdH3lwymPLm2SXJQ3AbmiJYKBQIubqqjHJ//hg==','2022-05-02 14:27:00.058331','2022-04-25 14:27:00.058390',22),(564,'qzRf/5aR/xov4AJFu583xQonDjfhxc1JBTGcRcG5JrMzXz7BV94oJkbWxIHfW1t0idPKDcnOWLsT+wvGKDeUlA==','2022-05-02 14:31:43.387075','2022-04-25 14:31:43.387076',22),(565,'XORbQq2zDLPMmIpNPoUQY1oPMKI3WyL8iEHHQhz67TLgNa6YMVo9KIEQ0USwZ8EveBvsFZAPETcfsgZuG4V6Fg==','2022-05-02 14:52:09.847281','2022-04-25 14:52:09.847286',22),(566,'4MjVJzAJ1cJHlBhrNV/Q8sFYkRLeKLA6gq8K8ZKwL4++uze975eNYXlwB8XYDEyTA19av+/IhII39BDFlyt08A==','2022-05-02 15:03:28.203292','2022-04-25 15:03:28.203295',23),(567,'5dpLI9Dn6kkxMOsFjG/WS2WL9C9nnwhbAtqqRqXPOgqzB4VkOx5VluApqBs/CNUzoP7VUrUtAyAmHVQE6Kkm7g==','2022-05-02 15:33:34.495403','2022-04-25 15:33:34.495451',24),(568,'vIRKwupP0FWtIpS5qXGdz+vFOY2B2rK7BMxQGcfHdK94DYK0IcbVqeDflkAECva7cAiQUV3L6/NcALb+NVF9oA==','2022-05-02 18:48:58.303887','2022-04-25 18:48:58.303889',24),(569,'HEpU2CIP6J1f8GDp8df22U0EnhgCBgRliur5yuUlOVNQAFP4knMS22iifocoJBKRkLNUw3YNzHp6ived2794FA==','2022-05-02 19:20:13.597820','2022-04-25 19:20:13.597874',23),(570,'NtKQ6yWOADjWlTb4T5njuNlXmmbAy4UW58INQ1AeUbBHYyQ7CP/LODt061DeT0oicPoFgZ/7o1vQy8g5IRaEow==','2022-05-02 19:33:16.580144','2022-04-25 19:33:16.580149',22),(571,'AGTI1ywO9AKCSd7iK+tK5SAbZutVhStoIAmWikJ/Uqqz6sw+Wx9im+34S6rdtPqWG8wZcHNaA9uzibeP/7FuHA==','2022-05-02 20:11:46.264589','2022-04-25 20:11:46.264594',23),(572,'xh91IOa0sglZuEH7J4ME/zM8fkUl/iMjrkFrjqkoSphnj0i5909+N1N8dRJV6zBlU1oy7V5htVLLq5YrCEQHNA==','2022-05-02 20:12:42.662136','2022-04-25 20:12:42.662138',23),(573,'8hVq9wgEEKRi3iFEYZviI5fAowbr/JyviLFmIZIr5Kk1kzRdemi8nAAkPVZPda0Q2xft7ib44LaEyhY0ejxTYA==','2022-05-02 20:13:36.596206','2022-04-25 20:13:36.596208',22),(574,'X6+fWjHT9Tyt1Cqmx/NVQJw4jNbMe1ERGH2Kdarm56RRSIZxYWOck1sOJ9x67JFz2f4L2Ta32DtYRWmiY5umUw==','2022-05-02 20:14:04.321043','2022-04-25 20:14:04.321044',23),(575,'0gPbZym2uZT/rikCNMoO+mY2rJbinCdnqo1DxMDAtjgdf793Zwc2SPS3Y8JNuiwEZ+YLAcZBXZU/PX57RCWFJQ==','2022-05-02 20:14:33.352828','2022-04-25 20:14:33.352829',23),(576,'yplkcO4XQ88KK+jndHafabQU/qJsM0FlZbcecyK/SzdFAbohvyp5Wt1e0LIDmopW8XdSZvB3hdube0XabARlpA==','2022-05-02 20:14:59.335623','2022-04-25 20:14:59.335625',23),(577,'j18Nnns0QaQga0+lFrijxPRgy0poNHzqZLXPnmz3t9PE9KbgpRcLVUJ3VgfpZzoKHRxJpRvLWQEPsqbtZ+AkrA==','2022-05-02 20:23:49.408116','2022-04-25 20:23:49.408118',22),(578,'0ONdHtsGEyBHaFNuD/ryFHuP8noSy+4iOOuxluqK1c0dxdh/0W3GriXsVzWTShM36i/XskMHVsz5g6ZO69KJGA==','2022-05-03 04:42:59.736396','2022-04-26 04:42:59.736466',5),(579,'F1G1uIq2J7fJwbzjY680Pa90PqkgGqD1OL1PHO2OQrddqZRJwtKbk6h8cW7EH+dOiDT1L0aBIA0TVw8FmzHHIA==','2022-05-03 04:45:15.229678','2022-04-26 04:45:15.229684',23),(580,'ojEuyhJs5YLr5IuKIyMEXPxBPL0aJQ+z6boF4F62SPdIoDH/sO+HXnoIqDMH4GwEbMCYxuFj2Ihl64GQH9Xixw==','2022-05-03 05:27:18.377965','2022-04-26 05:27:18.377967',22),(581,'B3EyHxJSJnXyqx0Zz0Px3lJIcRofH04IkSzRLgS9kKABe9lrpIyacNKT1DvIA14kPO78n2QKHSGmj4oyI1lAwA==','2022-05-03 05:29:56.096317','2022-04-26 05:29:56.096318',23),(582,'wdQfOEhpzTvu4VnFjea64QvfpEryxb6soK40lvByLeOdrhdZ0/+MfK8jmJqpcxJpyQ1IeW88imquLP1kp97ppQ==','2022-05-03 05:46:51.415617','2022-04-26 05:46:51.415623',22),(583,'Kx3eQgqkUVsiPrd+8CS6du33pXJFZaxHKXCAi3hcyTEQgwdBqSCtrnDqoghELnFClJYhxI3x1IDFwwHmmWjWhQ==','2022-05-03 05:52:35.378813','2022-04-26 05:52:35.378814',23),(584,'HjXF+t8G7/QI/94EgelVpLuxqGCNWywdk4FbDIRtrLXbIcIXBBNCzJoytYRvicJMxxpTFoNVB3drXVaE2xpxFg==','2022-05-03 06:07:33.404884','2022-04-26 06:07:33.404887',22),(585,'a/zEvXQCoE+ca7mXpZ+Ayxte6/ToptuD+rAxh53yVpuzf9WT0eWXll3p5q1eKTBMjcG6lS1LM0QsAprpyPCyyA==','2022-05-03 07:53:11.040809','2022-04-26 07:53:11.040859',39),(586,'CqOF7VEJPmsbT6gxn2mJGN036LPwGw2ZnWZcE1RLxCrDnV/1L0NrdvrCL1GjbTyrIsqrpeQBCYwLOS994NChcg==','2022-05-03 08:21:55.811340','2022-04-26 08:21:55.811342',41),(587,'PZ6nV7IjEwenojX56Wo8dNdtXgf/cvwysPs4097PmAesT73jv69GvMBOamtRJo4xS2ByZBgmc6ZUqspvF5RoQw==','2022-05-03 08:35:57.944619','2022-04-26 08:35:57.944621',40),(588,'ychvjuOLCSsogkPBLz5nI4kOU9kblirjzgVDRRbqISUgS2JtutHib4LzgpTWQ4vX1cUqApAPYWP9l7tWVGlUAQ==','2022-05-03 08:51:18.980935','2022-04-26 08:51:18.980937',43),(589,'STSOgzYHRK/r7Dfi9hxzUr3f8witdBh8ZVBFwRQzQ3oJX1wjzC+jHeK+uuYxXM98iVDD0VSFhDiwOfnTKCYRcA==','2022-05-03 08:56:24.234944','2022-04-26 08:56:24.234946',40),(590,'N/KwpazJ4MJqpDgJiltK/uoylvH0AB/0YdXg2rkU3z8cxVk9RkCsjgAxKXnF1NpaUw8GbEmlRLIJ/SaEVh98TQ==','2022-05-03 09:01:22.022522','2022-04-26 09:01:22.022524',23),(591,'kn0vt+pMdcuwsh3lamg9NYpebOgW31EiRdy1RoGOYPJ/FBExPsR0iI7uUk9BMeE/Dv/XqqIx8CyM14k24eWU+w==','2022-05-03 09:24:58.064874','2022-04-26 09:24:58.064877',23),(592,'rFOIyOAdZnowIOXHfNCdnpw0lr0C/8WGz3na6se7+guJ1D503lwx8ZI4hR9rXky/rOTGboV6om6LN/rWTxnrmQ==','2022-05-03 09:35:43.757095','2022-04-26 09:35:43.757097',8),(593,'yontKxSZnuovZcy19QlHyGnXcyBpKnG0GzrPrq2FI1AMLsmYmiFbsJnwMq24aYKD5pTk9eCFXsbj8XCT8Nlcgg==','2022-05-03 10:56:51.423987','2022-04-26 10:56:51.423989',1),(594,'BP+IjC5TisWBR99Z49C3sR3uJf+akHPUe/MizPWXDiv09U6PG/biXFjno447fvPc+l7iEq06cKbFtsEudukTdA==','2022-05-03 14:11:30.606551','2022-04-26 14:11:30.606598',24),(595,'3DeZej+Y8s0sxUFHBCH1YiECDSGmU1ZUIouP5J7Egyq23cHN3yIFY63UofOw6UuhGD4Y39nJnFU9ienbq88XLA==','2022-05-03 14:25:27.552378','2022-04-26 14:25:27.552380',23),(596,'S+OhC8jTf56lTahsUuoY2FWXFWTlKPw7LCqz1XhQYYUR+R7OEvr2KrQLMeO4jzjhESZ3v6Ds24g2KQMcHEMRJw==','2022-05-04 04:28:52.601215','2022-04-27 04:28:52.601272',5),(597,'4773zE5CVUxqVLTx1b15iGsOFCEulLg8bLwjDZJHJdkU4n260dj0I3DMmUpeDld0roP6VDwxETRV2ChErqSnlw==','2022-05-04 04:30:56.852242','2022-04-27 04:30:56.852247',5),(598,'5O3z1X2UQlQYh1vuW9WJT4z3zKexnStppdU2DwDXT5V9bcq5BD1FR2y+o59y00u3+c+IfkNNiP6xRTEz8ZRLxA==','2022-05-04 06:49:11.161519','2022-04-27 06:49:11.161520',23),(599,'U6crsfVplmAhDYUhJVzYSE2EpTL/2RuvBEa9YyM8R/R6xSCIW4MN5MzVgL4fM7f4+ETP5xcLLs0UzA/5PBMX8w==','2022-05-04 09:40:41.433939','2022-04-27 09:40:41.433940',23),(600,'n3ZhwVzHjLOKg7xpPrUGG5LX291vAPWrsGq4S+ZUppzE9fDCaSFn6F0mrqwKcfpqeBeGFmkGyd5RrY/pKRaxYw==','2022-05-04 10:41:51.277571','2022-04-27 10:41:51.277621',22),(601,'Qydm0xd95PXVOo7raVFrba54o3PjHePFVXMpFmbdv0jvtMBAOW1wrvLUvLPaTyqEpkz9qHx+jZbrQ4LyGeJkzg==','2022-05-04 10:48:17.522371','2022-04-27 10:48:17.522373',23),(602,'WB2rNRk4PDWj13z6W+c/rQTyMBUbktw3g2d+r2i+pVAM3U6+UOa3Kxm9XAGuRMUKuIKfPi2xdjjdfKm5CRJKdQ==','2022-05-04 10:50:00.689418','2022-04-27 10:50:00.689420',23),(603,'+ZdMm014pVEU3NEdyFxDG3aPCXAakt4dzIcdtxncUBijhTa6rd5mv+c3UItFPT8HuoBiiMzy3mRilXpPkjY38A==','2022-05-04 10:51:24.258130','2022-04-27 10:51:24.258132',23),(604,'Rny1hJJ3cCVLOxjU84Ezjc2W0kA0UufFmtHariP+7zbz2+dwSD9vfZ/TDpwtHnpWLKQTFzlNdSETPfTcdcYNyA==','2022-05-04 10:52:05.793605','2022-04-27 10:52:05.793607',22),(605,'AThAnjneOpRJ0SlgSVx5a2yNI2Vp0zVAMgPiP1SO5WUbhC0WWwzK2EDDb94SlLryD+HbT0F1Kd5zQm1TylF3BA==','2022-05-04 11:58:21.400360','2022-04-27 11:58:21.400362',1),(606,'zeZ6PlKjiAvU967wl60Lt6Tb3e1XGYL/cSLKP9VXNEPW/CQsRjzYu0K3GKwVzojrkcpQibpdA6lSE7t8rOcy2g==','2022-05-04 11:59:54.436578','2022-04-27 11:59:54.436582',12),(607,'Hbmy7+ExsbYmhvCO2RkhIv3NUZIjVqo22/Xn3aIVLjCieTVFas5jiyVaT5dozOFuzvr7Mvnv6MPvvRfL5OMlPA==','2022-05-04 14:01:32.142842','2022-04-27 14:01:32.142844',8),(608,'F4IDyndMCn+77+rYKOih3I51wkUvaGRUcoKHJwtKlJyDZRdLYPlIdqcbVwn/SoGtHW75pk5H2Torl3KiDjR93A==','2022-05-04 14:15:27.312451','2022-04-27 14:15:27.312452',23),(609,'Kt+fc78t1102fKGBwv9yRY2QlE7Ou7bQGyk/ySn3r+k9CYq5Yk9WbDMyLd4IwzmjwSpnZzHbSrV8BVKUDv2MOg==','2022-05-04 17:49:33.567389','2022-04-27 17:49:33.567391',46),(610,'w17fak7+qZFoMGElOCQAa7b1Me3UgViw5l77OSnWoh2mG2GYUcPcLqugFT1aqJf8m/idHKawF1H+g1Sswzm5cw==','2022-05-04 18:48:42.012256','2022-04-27 18:48:42.012257',8),(611,'QfEPVjn/SCOtGLkxXT4KmEph2HPxN7CSYtCPE5flbJdp5QEXwcU77WpzSELqokGIMaVmbwsk9ow696cE/5biiQ==','2022-05-04 19:02:13.588141','2022-04-27 19:02:13.588142',12),(612,'NMgZON1SqMB/OWOZTFlujYlvJXv7k6pz9vw4/a0QAQ7oHmf0VOjXV4xBIzPLFqK9PHIppK5dQWDI78G/SGSSMg==','2022-05-04 19:03:49.152357','2022-04-27 19:03:49.152359',12),(613,'/rfpqPrekvfj9ojiR+iuOu0vtkFXI59E6wq9tuh3aKRo3GBgUmWhOEf5O224zMpqahV8pFn/FKVK2EAApNRUEw==','2022-05-04 19:06:30.581131','2022-04-27 19:06:30.581133',41),(614,'OcSCGicEDKhwgZoKYheVxp2iKrEZScqRFCyLJoUQFHYZ0pI74qao5f7xgPb/+bHVo8i8g66dXSCWlUQKCtH9Hg==','2022-05-04 19:18:05.020243','2022-04-27 19:18:05.020246',48),(615,'AxFAmQxYzHbymwzCCTAn/Yxr+lm7v+PNIsIePxWRlyrxGpSbJQxRz4y+2Bgu4HD5T+u8CGtnk/VIe6eRKSEF6A==','2022-05-04 19:34:33.215128','2022-04-27 19:34:33.215130',48),(616,'ihg77tHuMTKZ0H5b6l6x935ZoBTbAaoe2QOU9g8skj3AV3g5wI8SlNqSwGKMjOb4pH/dzJIK/b0nO/xtMGFUZA==','2022-05-04 19:38:18.766684','2022-04-27 19:38:18.766686',1),(617,'BX5bm6ZrYIAL4GRATM+gYfci3rsmgqqgJ5z7ApcXo/JbjiyDegPantGux06EOEWIBc4Zh0AKYUMz9y92grnFfA==','2022-05-04 19:43:23.052047','2022-04-27 19:43:23.052049',8),(618,'fBJRVU6x9tM6u1tK1YQLQ+/IZomOW9PHialYX3W0bp9USvP8C+iHuGhneGeak3erjish5nGocI1ibDPNTkv2tg==','2022-05-04 20:36:50.975179','2022-04-27 20:36:50.975181',8),(619,'qU1HSOwdzOXxeoW0Mtyg4AMug9qGZvOat8jCyVXxS8dyNqkzoINY5DJLsBMF6vt8mTicyg6t0PzevqmaPtQqsw==','2022-05-05 04:50:24.950647','2022-04-28 04:50:24.950650',5),(620,'fsKvNdIWKMrmqhVpR8tFp1Ne4HmgbysOpAazY9NAwf0ygkKnTmGP311cHaVPNCaaEyqnGNDXyKN0Cnw8FuJJeA==','2022-05-05 05:50:28.818039','2022-04-28 05:50:28.818041',23),(621,'aDJsXG58cxP8SNTvMOZ/my4lVAgRSHfAixFLkeQ1B1aURDl10p8mfXMnTtEDlIZFnRPR9WrXV1lTmzzMqQZNWA==','2022-05-05 07:40:18.040538','2022-04-28 07:40:18.040540',32),(622,'2D2aKrAHAwda5iDpr0hF9zSqmZMxu1b9PipnzuJFFtuZaqTW6lyID5TYS0A4vp+F1NEKpj8RDzvjLk28lQ7V7A==','2022-05-05 08:03:02.986762','2022-04-28 08:03:02.986764',23),(623,'eKNTOuY46BlK6wnLDu/kQMQ+M8DPZueTiMeRZjNs/usWTbXhtRoClHvGSpzrAy3H0cjJWqxU514acajXiKPVuQ==','2022-05-05 08:04:58.794192','2022-04-28 08:04:58.794193',23),(624,'VtwFvvzlm9sTmhSkedgoc9MKkGF5vxk9bJLed4MhVBagvxEomhFjincpiphPCwEZcawwPgHDQJFpvpJ0nnMo3w==','2022-05-05 08:32:51.534857','2022-04-28 08:32:51.535068',4),(625,'U9lKrzzzfwp4lGeq4eMEwQ+RWFj0vHezq8b1dIZKzzQPD14e9UPoY5ano1Lc6kCa1cFEvBzgYl28I9bqJ+9XKw==','2022-05-05 10:44:00.745290','2022-04-28 10:44:00.745335',23),(626,'P+W/mFH8TuGpGG/tHdwnPlQBY2ymAB67EpI0HYiLpBppbd/YouMoKkHBd4dUvWGA747NAXlmA7Md9vofdkA2XQ==','2022-05-05 14:19:57.921059','2022-04-28 14:19:57.921064',12),(627,'9j+x3UUYPFUGoOJeD0Bn/9ziDid9fau1hBVAHHOc6Y5LsnDTOwzmccX32go9hvRWOkkMiAqi1gAB8znzdsTysA==','2022-05-05 14:38:09.185391','2022-04-28 14:38:09.185393',1),(628,'89qyvtOEBApzJ+rG4KMcbwMcLZdh3eFJNHXY7uJ99jUtwAGDKzTqfcm2Vv2r9ZI/dcsbjXgxhmnJJdT+31n2sg==','2022-05-05 14:39:48.577785','2022-04-28 14:39:48.577787',8),(629,'HrthuTTLCnRoQM9UgrOS1amN205XBgRfSbAdrhHWALr75snhLPJr4IB5CXvG61ipzJs3081j+5S49OuK+o2owQ==','2022-05-05 19:18:47.951794','2022-04-28 19:18:47.951840',47),(630,'Jq2h75GXYSYVcFMvXXnp4VS/i/kcDwMJMj4CQB5FQeTjFonm5v8jLAydfvtNm/HtsZH15wZcePUK4svsk4Q9JA==','2022-05-05 19:22:19.656302','2022-04-28 19:22:19.656304',8),(631,'d0w0fORj+PTKgaJPxvYaAL7jGyW1aXWLyChvNECGXCr3DfXGcy04rVwr9/zVEjDpYXk3M7W+ELic675mEAaf3A==','2022-05-06 02:01:38.355866','2022-04-29 02:01:38.355867',37),(632,'AN8nbGocl9MdeqYMupX+vhvN5oyE5Pce6bArlymaJG9pu18/dOdMej3hcDiahbzYqDbya+oe333HtFT+GlpGBQ==','2022-05-06 06:11:00.425665','2022-04-29 06:11:00.425667',5),(633,'OoIWwFIpdA8VZdcUhB2LClnJCTF+CAae2PR6m6uoSNxeizTwbb43QkYdj5Cax6l7jK74m6pxRCAPxM1thMOruA==','2022-05-06 12:32:54.988371','2022-04-29 12:32:54.988377',23),(634,'pF48dfOn3q+Wi6naxTQNAdTHl3Pi696XKi5BtU5dxpho3uNCk55JOU0f4FHzMuaoPpJtYn5r1gcpN41Rsp3eHQ==','2022-05-06 13:10:59.836041','2022-04-29 13:10:59.836043',22),(635,'+2ntOoXcl9KKf3r/ZcIudSLRXd05GtylWrTqgWJaeEOZF0aEvoy/2bkEMirxFFbF6ONazvx9x4KMYnTTVzau2w==','2022-05-06 13:24:26.337165','2022-04-29 13:24:26.337167',23),(636,'JTOBYT7gyz7qZeRScwop/UjSsjV4d35mXxEkjr5BWHXIdyCxZXwexbYv26aOsQJk8ElJPoW5WW4bLZ2MjkGTLg==','2022-05-06 14:43:28.391773','2022-04-29 14:43:28.391775',8),(637,'qoHw/bdFoWuuL7iboDEbc91ttGSp1XsQMxOjiM1gnDiqrtTJafESjoSQkL5ekpEBg1n9/w8YssiHz7SeePnR2A==','2022-05-06 14:47:58.234935','2022-04-29 14:47:58.234937',24),(638,'JXylCsxk/q24ewIzc47yH47vi4TopFrhi3rnh0TdUb3sw1jX1b+S1lXDVnYPAJIQsSX9QdxLJ4/K/qqLHcY6OQ==','2022-05-06 14:53:16.345789','2022-04-29 14:53:16.345791',8),(639,'kSHsCycnqq+G1rUcYDL6LI6wQngmBrdsd8w/JwL8eV4OoBSRXiCLvG/IG6Awez2OwwuxW/LdCR/wUl8HMelfvA==','2022-05-06 14:59:21.183557','2022-04-29 14:59:21.183559',24),(640,'MC42mViP2otevaio3UVrkJ5xkT7KcxAtPUXJBAuDhHSmRUZ6izSs2C4+AH2mXaMUlePuHJu6Q1VUIHPOX7ZFYA==','2022-05-06 15:04:29.600133','2022-04-29 15:04:29.600135',4),(641,'jDSeXU/bx5ta1N++AdyJOjAqwgvHdnCpb92gQ3WexR0+4baYIjBlQ6/seeXDvd6pr4GvkXxW0FxxrJ3U+FkPgA==','2022-05-06 15:27:25.825032','2022-04-29 15:27:25.825034',54),(642,'GyhLUEGwG9Pfo/NR3lTGkj8gNW6h47NIhOV30yQoyD5yA5I44b70aNQONT5pU8hsyXrjmTcL4CVQZt+Fkw3Upg==','2022-05-06 16:09:52.790212','2022-04-29 16:09:52.790213',8),(643,'O+HIKTvTZWWzg4N91HxoanaOccHmu7F2M2EnKWG/iBFl05Ut5ILXOcPuIaKnARrvD+QtGma3L5z2R93IgLzUyw==','2022-05-06 16:58:12.247748','2022-04-29 16:58:12.247750',1),(644,'Mw7phryaCHmNKOcf/ZwD1y3qdHuyRxtoc6f7xzCdACuEbE0X4b8Aya0W7g9PiFYHXzambzyh6JEaLQpTO/azKQ==','2022-05-06 16:59:48.873312','2022-04-29 16:59:48.873314',1),(645,'dO7r0Kbz/0ItMgDBcpO9jAJjFICHhhfK5LIL/DHm03/RtLWjHh/Muo3DDVlBTd6C6B8FRqmuL/UzthCTZM8YsQ==','2022-05-07 02:38:45.921205','2022-04-30 02:38:45.921207',1),(646,'5ovH6LZ7JO/AzflLDA1KjgIpA6PuoVWoUIOclJv+1Byh9OGCQtz4kZm5tjasGME6z+nZ0iMHt6JnJNkIBdYk+g==','2022-05-07 02:50:00.714214','2022-04-30 02:50:00.714215',8),(647,'yzj262wccyl+v4QhifcGANmF6FhyGUGfHJf5gDFaghRl+U3AcmQUO9pwTcL4jiHzWa+WyRdn2cPxkTzEITY/jA==','2022-05-07 04:34:36.376355','2022-04-30 04:34:36.376357',5),(648,'FXf6OVxPuy5fP2wpSBr7KZbB1ihDWDhlUqhnLdCoJsOGtWdJ28dL6lhHRsHbOUB2iYVt0U+tAgKuuZrGCTm9QA==','2022-05-07 04:57:50.798536','2022-04-30 04:57:50.798538',23),(649,'Kyvq2CMzImg8x24CYdyCJMB1DUNChI86PI4u78MA8WsQVRbYgfzvQBj9oyPcwPqXV1u80SS9rHHewCnESptelw==','2022-05-07 04:58:57.372972','2022-04-30 04:58:57.372973',22),(650,'9/vlsHoulTsRA1iQ7bk93FXZW3B+03j6Wvzd2grg2BmQnKsgw0s+9OikwtX/0EXyW5eVrJIY17dx8wyvLNN2fg==','2022-05-07 05:03:13.759435','2022-04-30 05:03:13.759437',22),(651,'QU3Mmyn5beBfYVSnxY8UH+My/PDuZ9DP+gKMIxtS2e5V7tKtA3KPNaXdMCSNL7Y8tmYslcR7pMmYi30ZT1aMnw==','2022-05-07 05:03:43.906509','2022-04-30 05:03:43.906511',22),(652,'9gL9FR0DgyjM/FpHZxAQ++THbT5qGFaivGYKBrJeOgHHa/M5oKteIY09ROd4L5IUCrlWOawQjqturpc+DoMBRw==','2022-05-07 05:17:34.858139','2022-04-30 05:17:34.858145',23),(653,'6TNHzNVpfx7rwtMZe51iuH+pSpO6SbIdQoj23rm5dZA4P5UDr03mdTBK0xJEOUs6D1uzx21Ui9hE218TtUnG5g==','2022-05-07 05:18:17.701905','2022-04-30 05:18:17.701907',22),(654,'gnzepacfbYLcb/tXZMlwq6k6YQf4mkQNuk5SFfLsRGC6/9s/WV79UDkKnwmUzek8s/9OnElzLmh75Lo9/cEL9w==','2022-05-07 05:35:31.397641','2022-04-30 05:35:31.397643',24),(655,'7Vxq/oDtZxmZc9rS5F8B8YVOurj8xec0an37JCQ2ujbhwVOEBcI7SIwNmQ6Jyg5Nv9CysXwHMDMQ2diefQCbsA==','2022-05-07 07:29:14.756725','2022-04-30 07:29:14.756727',1),(656,'rDSKMziJu6rulrhTcAdn/sIJmQKqMtWQuy/XDfpul0kKS1Hz20zhsvVPRwASZ8AMSjOFUZ3mi+gskEWnq48ZpA==','2022-05-07 07:32:27.938985','2022-04-30 07:32:27.938987',8),(657,'0X+WNHgKWL01V7R2SvGzRszNp9TV25PuADi7AijPTIbxWeLplYAUHFZYhp3RCHx6FIRHv0AvbWe9xRUwkawk2Q==','2022-05-07 07:40:53.245597','2022-04-30 07:40:53.245601',1),(658,'44YJXL9w9e7x+vsa9uJx2pGijqkuGCt7njTOG40Aoo9oyNPm09hOpyy3OdO0w/18hPDAh2AECJQdtkzfZq+x9A==','2022-05-07 07:56:17.993940','2022-04-30 07:56:17.993940',8),(659,'ArgArggbCmnqpusOpIzHDl7ZlwVwfz6vi6vL6AcZww6ELFTk7cNJzf9rqmkGXQR/gaQnmhQqBxQQ/25vjOz+cQ==','2022-05-07 08:03:33.617624','2022-04-30 08:03:33.617625',8),(660,'YcsV+c+rsB4QEjjdkVmK/IvTE8zR9yuPNgXwJH1f6YLstWR4Sl/mexxxXH60YrMyYR9zAcKfCpMF7FRHH3a1bQ==','2022-05-07 13:14:54.507121','2022-04-30 13:14:54.507122',23),(661,'pfmllPmXcOidS/hK21eiY32/SNZ7USShJL+CP8cn6raCaXGyZGDsAhVEQJTYxOsTVMOKDd8e9hYy9JOiFiBHbw==','2022-05-08 03:35:31.919159','2022-05-01 03:35:31.919160',1),(662,'d8uot1q1YrPmFyEkiy1nG9w+NtZ64j5ld6ByOq7YfoQucKC76Vc7xZ3qio5pU8cOdgehMDz8I/EIMYPyndi9YA==','2022-05-08 13:07:05.390359','2022-05-01 13:07:05.390360',8),(663,'yXY0ivxUOWVyK+PMACIi3JICnZVqzPil3XR4CW9faB4n+B/9cQOg3UNDPtyCxrVg1uCCP5+BpUBgZLkKnEJUwg==','2022-05-09 04:05:17.060534','2022-05-02 04:05:17.060535',5),(664,'mKAhuC8sT1bPYZXM4u/ejdNGRdg/dUuAUsPgV1E+aR96YxQEKzdIwD4t9W9ioYT5M07vCFtQLOnbDSNRGUyJfg==','2022-05-09 04:23:37.641405','2022-05-02 04:23:37.641406',5),(665,'UocZmy1QuKzXRuHrcTNG/uF6Y35CG6LEwwdzpRXSG5Jryr20InFQnkbeuuEkwvmgp18JVUhcyKMKPaBsKqb/3Q==','2022-05-09 05:27:24.313779','2022-05-02 05:27:24.313780',1),(666,'O+N2mXCu+nscflTBTwcfQOUs9XlNn6V9OrM87VCkBt2KW+qNBADTIUjD8DSVY0w77+5pFozhH40KECYl69ufeg==','2022-05-09 07:14:29.858222','2022-05-02 07:14:29.858223',56);
/*!40000 ALTER TABLE `refresh_token` ENABLE KEYS */;
UNLOCK TABLES;

--
-- Table structure for table `request_status_master`
--

DROP TABLE IF EXISTS `request_status_master`;
/*!40101 SET @saved_cs_client     = @@character_set_client */;
/*!50503 SET character_set_client = utf8mb4 */;
CREATE TABLE `request_status_master` (
  `id` bigint NOT NULL AUTO_INCREMENT,
  `status` longtext CHARACTER SET utf8mb4 COLLATE utf8mb4_0900_ai_ci,
  PRIMARY KEY (`id`)
) ENGINE=InnoDB AUTO_INCREMENT=6 DEFAULT CHARSET=utf8mb4 COLLATE=utf8mb4_0900_ai_ci;
/*!40101 SET character_set_client = @saved_cs_client */;

--
-- Dumping data for table `request_status_master`
--

LOCK TABLES `request_status_master` WRITE;
/*!40000 ALTER TABLE `request_status_master` DISABLE KEYS */;
INSERT INTO `request_status_master` VALUES (1,'Requested'),(2,'Accepted'),(3,'Pending'),(4,'Completed'),(5,'Rejected');
/*!40000 ALTER TABLE `request_status_master` ENABLE KEYS */;
UNLOCK TABLES;

--
-- Table structure for table `role`
--

DROP TABLE IF EXISTS `role`;
/*!40101 SET @saved_cs_client     = @@character_set_client */;
/*!50503 SET character_set_client = utf8mb4 */;
CREATE TABLE `role` (
  `id` bigint NOT NULL AUTO_INCREMENT,
  `name` varchar(50) CHARACTER SET utf8mb4 COLLATE utf8mb4_0900_ai_ci DEFAULT NULL,
  PRIMARY KEY (`id`)
) ENGINE=InnoDB AUTO_INCREMENT=3 DEFAULT CHARSET=utf8mb4 COLLATE=utf8mb4_0900_ai_ci;
/*!40101 SET character_set_client = @saved_cs_client */;

--
-- Dumping data for table `role`
--

LOCK TABLES `role` WRITE;
/*!40000 ALTER TABLE `role` DISABLE KEYS */;
INSERT INTO `role` VALUES (1,'Admin'),(2,'User');
/*!40000 ALTER TABLE `role` ENABLE KEYS */;
UNLOCK TABLES;

--
-- Table structure for table `subscription_token`
--

DROP TABLE IF EXISTS `subscription_token`;
/*!40101 SET @saved_cs_client     = @@character_set_client */;
/*!50503 SET character_set_client = utf8mb4 */;
CREATE TABLE `subscription_token` (
  `id` bigint NOT NULL AUTO_INCREMENT,
  `secret_key` longtext CHARACTER SET utf8mb4 COLLATE utf8mb4_0900_ai_ci,
  `publishKey` longtext CHARACTER SET utf8mb4 COLLATE utf8mb4_0900_ai_ci,
  `created_date` datetime(6) NOT NULL,
  `is_active` tinyint(1) NOT NULL,
  PRIMARY KEY (`id`)
) ENGINE=InnoDB DEFAULT CHARSET=utf8mb4 COLLATE=utf8mb4_0900_ai_ci;
/*!40101 SET character_set_client = @saved_cs_client */;

--
-- Dumping data for table `subscription_token`
--

LOCK TABLES `subscription_token` WRITE;
/*!40000 ALTER TABLE `subscription_token` DISABLE KEYS */;
/*!40000 ALTER TABLE `subscription_token` ENABLE KEYS */;
UNLOCK TABLES;

--
-- Table structure for table `transaction_log`
--

DROP TABLE IF EXISTS `transaction_log`;
/*!40101 SET @saved_cs_client     = @@character_set_client */;
/*!50503 SET character_set_client = utf8mb4 */;
CREATE TABLE `transaction_log` (
  `id` bigint NOT NULL AUTO_INCREMENT,
  `user_id` bigint NOT NULL,
  `document_id` bigint NOT NULL,
  `created_date` datetime(6) NOT NULL,
  `order_id` bigint NOT NULL,
  `amount` decimal(16,4) NOT NULL,
  `order_status` longtext CHARACTER SET utf8mb4 COLLATE utf8mb4_0900_ai_ci,
  `quantity` int NOT NULL,
  PRIMARY KEY (`id`),
  KEY `IX_transaction_log_document_id` (`document_id`),
  KEY `IX_transaction_log_order_id` (`order_id`),
  KEY `IX_transaction_log_user_id` (`user_id`),
  CONSTRAINT `FK_transaction_log_documents_document_id` FOREIGN KEY (`document_id`) REFERENCES `documents` (`id`) ON DELETE CASCADE,
  CONSTRAINT `FK_transaction_log_user_order_order_id` FOREIGN KEY (`order_id`) REFERENCES `user_order` (`id`) ON DELETE CASCADE,
  CONSTRAINT `FK_transaction_log_user_user_id` FOREIGN KEY (`user_id`) REFERENCES `user` (`id`) ON DELETE CASCADE
) ENGINE=InnoDB AUTO_INCREMENT=107 DEFAULT CHARSET=utf8mb4 COLLATE=utf8mb4_0900_ai_ci;
/*!40101 SET character_set_client = @saved_cs_client */;

--
-- Dumping data for table `transaction_log`
--

LOCK TABLES `transaction_log` WRITE;
/*!40000 ALTER TABLE `transaction_log` DISABLE KEYS */;
INSERT INTO `transaction_log` VALUES (2,5,5,'2022-03-30 07:20:31.145872',2,18.0000,'succeeded',0),(3,5,2,'2022-03-30 07:29:09.464009',3,20.0000,'succeeded',0),(4,5,1,'2022-03-30 08:06:00.715094',4,10.0000,'succeeded',0),(5,5,3,'2022-03-30 08:06:00.719212',4,30.0000,'succeeded',0),(7,9,3,'2022-03-31 07:44:21.647603',7,30.0000,'succeeded',0),(9,5,4,'2022-04-05 10:41:20.555211',10,17.0000,'succeeded',0),(11,12,2,'2022-04-06 14:26:02.304397',12,20.0000,'succeeded',0),(12,12,1,'2022-04-06 14:26:02.340800',12,10.0000,'succeeded',0),(17,24,10,'2022-04-12 12:35:35.170568',27,1.0000,'succeeded',0),(18,25,9,'2022-04-13 07:16:19.291060',28,10.0000,'succeeded',0),(19,8,15,'2022-04-15 15:48:31.661159',29,1.0000,'succeeded',0),(20,23,15,'2022-04-22 06:25:40.869157',31,2.0000,'succeeded',0),(21,23,17,'2022-04-22 10:34:14.312499',32,2.0000,'succeeded',0),(22,23,18,'2022-04-22 11:00:13.399354',33,2.0000,'succeeded',0),(23,23,18,'2022-04-22 11:00:16.119987',33,2.0000,'succeeded',0),(24,23,19,'2022-04-22 11:28:23.347556',34,2.0000,'succeeded',0),(25,23,19,'2022-04-22 11:28:25.825996',34,2.0000,'succeeded',0),(26,23,20,'2022-04-22 11:46:07.109897',35,2.0000,'succeeded',0),(27,23,21,'2022-04-22 12:35:25.623372',36,2.0000,'succeeded',0),(28,23,22,'2022-04-22 13:13:40.019084',39,3.0000,'succeeded',0),(29,23,23,'2022-04-22 13:18:01.196889',41,7.0000,'succeeded',0),(30,23,24,'2022-04-22 14:08:30.876116',43,3.0000,'succeeded',0),(31,23,25,'2022-04-23 06:23:24.661842',47,2.0000,'succeeded',0),(32,4,15,'2022-04-23 06:36:20.103088',52,1.0000,'succeeded',0),(33,23,26,'2022-04-23 06:51:21.833711',54,2.0000,'succeeded',0),(34,23,27,'2022-04-23 08:10:54.812453',56,2.0000,'succeeded',0),(35,23,28,'2022-04-23 08:20:30.566051',58,2.0000,'succeeded',0),(36,23,29,'2022-04-23 09:52:05.454604',59,3.0000,'succeeded',0),(37,23,30,'2022-04-23 10:06:50.367427',61,2.0000,'succeeded',0),(38,23,31,'2022-04-23 10:13:25.809898',63,2.0000,'succeeded',0),(39,23,31,'2022-04-23 10:24:39.453060',64,1.0000,'succeeded',0),(40,23,32,'2022-04-23 10:30:10.535902',65,3.0000,'succeeded',0),(41,23,32,'2022-04-23 10:32:43.198254',66,1.0000,'succeeded',0),(42,23,33,'2022-04-23 10:38:45.510827',67,3.0000,'succeeded',0),(43,23,34,'2022-04-23 11:07:21.289380',69,4.0000,'succeeded',0),(44,23,34,'2022-04-23 11:09:14.730970',70,2.0000,'succeeded',0),(45,23,35,'2022-04-23 11:09:18.442031',70,4.0000,'succeeded',0),(46,23,36,'2022-04-23 11:14:32.036885',71,5.0000,'succeeded',0),(47,23,36,'2022-04-23 11:16:27.762858',72,2.0000,'succeeded',0),(48,23,37,'2022-04-23 11:16:31.707669',72,5.0000,'succeeded',0),(49,23,38,'2022-04-23 11:21:51.929909',73,4.0000,'succeeded',0),(50,23,39,'2022-04-23 11:33:02.568425',74,4.0000,'succeeded',0),(51,23,40,'2022-04-23 11:36:47.923384',75,4.0000,'succeeded',0),(52,23,37,'2022-04-23 11:36:51.986014',75,2.0000,'succeeded',0),(53,23,41,'2022-04-23 11:45:41.925136',76,3.0000,'succeeded',0),(54,23,42,'2022-04-23 11:48:29.457101',77,3.0000,'succeeded',0),(55,23,43,'2022-04-23 11:50:28.471334',78,2.0000,'succeeded',0),(56,23,44,'2022-04-23 11:50:32.313733',78,5.0000,'succeeded',0),(57,23,45,'2022-04-23 11:52:38.481680',79,3.0000,'succeeded',0),(58,23,44,'2022-04-23 11:52:42.434069',79,2.0000,'succeeded',0),(59,5,15,'2022-04-23 12:52:18.100136',82,1.0000,'succeeded',0),(60,5,15,'2022-04-23 12:54:55.186241',83,1.0000,'succeeded',0),(61,23,47,'2022-04-23 12:56:04.952768',84,5.0000,'succeeded',0),(62,23,47,'2022-04-23 12:58:54.514603',85,2.0000,'succeeded',0),(63,23,46,'2022-04-25 06:47:06.234743',86,3.0000,'succeeded',0),(64,23,46,'2022-04-25 07:03:44.145949',87,2.0000,'succeeded',0),(65,23,48,'2022-04-25 07:54:22.029597',88,5.0000,'succeeded',0),(66,23,49,'2022-04-25 08:03:23.414966',89,3.0000,'succeeded',0),(67,23,49,'2022-04-25 08:06:04.914738',90,1.0000,'succeeded',0),(68,23,51,'2022-04-25 09:44:13.971445',91,2.0000,'succeeded',0),(69,5,47,'2022-04-25 10:05:38.067519',97,5.0000,'succeeded',0),(70,5,15,'2022-04-25 10:05:41.945837',97,1.0000,'succeeded',0),(71,23,51,'2022-04-25 10:24:39.485359',103,1.0000,'succeeded',0),(72,23,52,'2022-04-25 10:39:11.416213',104,6.0000,'succeeded',0),(73,23,52,'2022-04-25 10:40:20.138356',105,2.0000,'succeeded',0),(74,23,53,'2022-04-25 19:36:21.482183',107,4.0000,'succeeded',0),(75,23,53,'2022-04-25 19:37:25.539918',108,2.0000,'succeeded',0),(76,23,53,'2022-04-25 19:44:19.511156',109,2.0000,'succeeded',0),(77,23,54,'2022-04-26 05:34:09.146592',110,4.0000,'succeeded',0),(78,23,54,'2022-04-26 05:35:05.610928',111,2.0000,'succeeded',0),(79,23,54,'2022-04-26 05:39:51.865677',112,2.0000,'succeeded',0),(80,23,53,'2022-04-26 05:39:51.912756',112,2.0000,'succeeded',0),(81,23,53,'2022-04-26 05:56:50.629993',113,2.0000,'succeeded',0),(82,23,55,'2022-04-26 06:14:13.835355',114,4.0000,'succeeded',0),(83,39,51,'2022-04-26 07:54:51.545429',115,2.0000,'succeeded',0),(84,39,51,'2022-04-26 07:57:25.447363',116,1.0000,'succeeded',0),(85,41,51,'2022-04-26 08:23:56.779259',117,2.0000,'succeeded',0),(86,40,51,'2022-04-26 08:36:32.774542',118,2.0000,'succeeded',0),(87,40,55,'2022-04-26 08:40:41.157081',119,4.0000,'succeeded',0),(88,40,51,'2022-04-26 09:00:48.880159',120,1.0000,'succeeded',0),(89,23,53,'2022-04-26 09:07:55.749146',121,2.0000,'succeeded',0),(90,40,53,'2022-04-26 09:23:15.870626',122,4.0000,'succeeded',0),(91,23,55,'2022-04-26 09:27:34.511360',123,1.0000,'succeeded',0),(92,40,53,'2022-04-26 09:28:04.160028',124,2.0000,'succeeded',0),(93,24,51,'2022-04-26 14:17:26.633532',125,2.0000,'succeeded',0),(94,23,55,'2022-04-27 09:41:21.843093',126,1.0000,'succeeded',0),(95,23,53,'2022-04-27 14:18:31.576222',127,2.0000,'succeeded',0),(96,46,15,'2022-04-27 17:51:01.100782',128,2.0000,'succeeded',0),(97,46,15,'2022-04-27 17:53:38.812998',129,1.0000,'succeeded',0),(98,46,15,'2022-04-27 17:54:24.999372',130,1.0000,'succeeded',0),(99,8,15,'2022-04-27 18:52:28.571885',131,1.0000,'succeeded',0),(100,12,53,'2022-04-28 14:21:53.124554',132,4.0000,'succeeded',0),(101,8,54,'2022-04-28 14:40:36.542841',133,4.0000,'succeeded',0),(102,24,15,'2022-04-29 15:11:12.162756',143,2.0000,'succeeded',0),(103,24,15,'2022-04-29 15:23:10.812731',144,1.0000,'succeeded',0),(104,54,15,'2022-04-29 15:30:58.552968',146,2.0000,'succeeded',0),(105,8,15,'2022-04-29 16:11:07.993715',147,1.0000,'succeeded',0),(106,8,57,'2022-04-30 02:51:15.397464',148,0.5000,'succeeded',0);
/*!40000 ALTER TABLE `transaction_log` ENABLE KEYS */;
UNLOCK TABLES;

--
-- Table structure for table `user`
--

DROP TABLE IF EXISTS `user`;
/*!40101 SET @saved_cs_client     = @@character_set_client */;
/*!50503 SET character_set_client = utf8mb4 */;
CREATE TABLE `user` (
  `id` bigint NOT NULL AUTO_INCREMENT,
  `full_name` longtext CHARACTER SET utf8mb4 COLLATE utf8mb4_0900_ai_ci,
  `profile_picture` longtext CHARACTER SET utf8mb4 COLLATE utf8mb4_0900_ai_ci,
  `contact_number` bigint NOT NULL,
  `email_Id` longtext CHARACTER SET utf8mb4 COLLATE utf8mb4_0900_ai_ci,
  `password` longtext CHARACTER SET utf8mb4 COLLATE utf8mb4_0900_ai_ci,
  `created_date` datetime(6) NOT NULL,
  `is_active` tinyint(1) NOT NULL,
  `is_admin` tinyint(1) NOT NULL,
  `country_id` bigint DEFAULT NULL,
  `is_emailverified` tinyint(1) DEFAULT NULL,
  `international_dailing_code` longtext CHARACTER SET utf8mb4 COLLATE utf8mb4_0900_ai_ci,
  PRIMARY KEY (`id`),
  KEY `IX_user_country_id` (`country_id`),
  CONSTRAINT `FK_user_country_country_id` FOREIGN KEY (`country_id`) REFERENCES `country` (`id`)
) ENGINE=InnoDB AUTO_INCREMENT=57 DEFAULT CHARSET=utf8mb4 COLLATE=utf8mb4_0900_ai_ci;
/*!40101 SET character_set_client = @saved_cs_client */;

--
-- Dumping data for table `user`
--

LOCK TABLES `user` WRITE;
/*!40000 ALTER TABLE `user` DISABLE KEYS */;
INSERT INTO `user` VALUES (1,'Admin',NULL,3107403187,'admin@contractmint.io','3AhCUZedQxVLajDQSZhRirNTvEyK/luGud/X7oAXJX0=','2022-03-28 06:03:06.799824',0,1,232,1,NULL),(3,'Pavan Kumar','https://document-blockchain.s3.ap-south-1.amazonaws.com/substorage/Documentstorage/17ed8a9c-69c4-43c6-9d18-d0a5bc128ba9.png',9945308025,'kumarpvn35@gmail.com','Ao+FEPMZQRVgqjpxoMpLI6RyyFDAr1WjOfWvLDr56Ew=','2022-03-28 07:13:04.196704',0,0,104,1,'+91'),(4,'Pavan Kumar D C',NULL,99453080255,'kumarpvn36@gmail.com','Ao+FEPMZQRVgqjpxoMpLI6RyyFDAr1WjOfWvLDr56Ew=','2022-03-28 07:22:35.150345',0,0,104,1,'+91'),(5,'Santhosh Kumar g','https://document-blockchain.s3.ap-south-1.amazonaws.com/substorage/Documentstorage/de9f5816-9dd1-40f9-bea7-f1d207b47da5.png',9380733438,'santoshkumar95432@gmail.com','A4++BaLvtwN4pmIZ4Fombg==','2022-03-28 09:19:37.847894',0,0,104,1,'+91'),(6,'Darian Francis',NULL,916260127577,'darian.francis@law.christuniversity.in','8SGZAhXYeivoa5tlXgLSc5h233xQk7uVx3ahhu0rPTc=','2022-03-29 17:17:10.598541',0,0,104,1,NULL),(8,'777','https://document-blockchain.s3.ap-south-1.amazonaws.com/substorage/Documentstorage/3c4accfc-ac74-4797-9067-d5518581431d.png',3107403187,'calebjameswalker@gmail.com','awJBxky9HUQHnaAMbVBG9/3ELuCoS7fOXCzFPWKRMmc=','2022-03-30 21:03:56.149787',0,0,232,1,NULL),(9,'lyndon',NULL,8765437890,'lyndon.cassidy@foreastate.com','A4++BaLvtwN4pmIZ4Fombg==','2022-03-31 07:31:38.753468',0,0,104,1,NULL),(12,'Kalid',NULL,16265944265,'Kalidx777x@gmail.com','awJBxky9HUQHnaAMbVBG9/3ELuCoS7fOXCzFPWKRMmc=','2022-04-06 06:56:19.440756',0,0,230,1,NULL),(13,'12345678',NULL,6260127577,'darian.francis@law.chirstuniversity.in','D5DIxAE6TS2/Jf1CxJrfR5FhI52rguqIt+EXTwaRj6w=','2022-04-06 13:53:27.319844',0,0,104,NULL,NULL),(14,'santosh kumar',NULL,8660024951,'sk7204332442@gmail.com','A4++BaLvtwN4pmIZ4Fombg==','2022-04-07 06:31:23.470944',0,0,104,1,NULL),(15,'Dasharath',NULL,9663025106,'dasharathds143@gmail.com','A4++BaLvtwN4pmIZ4Fombg==','2022-04-08 16:58:46.016317',0,0,104,1,NULL),(16,'anit',NULL,9893732452,'anitpatel@gmail.com','A4++BaLvtwN4pmIZ4Fombg==','2022-04-09 05:19:22.862403',0,0,104,NULL,NULL),(17,'anit',NULL,9893732452,'anitpatel@yopmail.com','A4++BaLvtwN4pmIZ4Fombg==','2022-04-09 05:20:01.789441',0,0,104,1,NULL),(18,'anitt',NULL,8319432554,'anit.infowind@yopmail.com','A4++BaLvtwN4pmIZ4Fombg==','2022-04-09 05:23:05.450585',0,0,104,1,NULL),(19,'abcd',NULL,432873874,'abcd@gmail.com','A4++BaLvtwN4pmIZ4Fombg==','2022-04-11 11:29:50.583218',0,0,5,NULL,NULL),(21,'Test777','https://document-blockchain.s3.ap-south-1.amazonaws.com/substorage/Documentstorage/30b467c7-fc18-4a83-b5cd-959804d03928.png',13107403187,'requests@contractmint.io','awJBxky9HUQHnaAMbVBG9/3ELuCoS7fOXCzFPWKRMmc=','2022-04-12 06:18:32.381987',0,0,232,1,NULL),(22,'arman khan',NULL,9568884803,'aarmankhan36@gmail.com','A0BWhlkEB/dDLRRBUETnuA==','2022-04-12 07:44:08.867850',0,1,104,1,NULL),(23,'arman ji','https://document-blockchain.s3.ap-south-1.amazonaws.com/substorage/Documentstorage/57ddb069-4412-4531-9980-ff2625fa0ef7.png',8445441918,'engineeraarman@gmail.com','A0BWhlkEB/dDLRRBUETnuA==','2022-04-12 10:41:53.018796',0,0,104,1,NULL),(24,'praveen','https://document-blockchain.s3.ap-south-1.amazonaws.com/substorage/Documentstorage/98ec4220-9a49-4664-92eb-906272280322.png',9741123358,'praveen.ghosh123@gmail.com','5bt6WiEY2n52B+cWqe7Pln5tBRHxo6QZr8QSSq0Ug1o=','2022-04-12 11:50:45.702969',0,0,104,1,NULL),(25,'Cloud','https://document-blockchain.s3.ap-south-1.amazonaws.com/substorage/Documentstorage/7dada8bb-4c34-4042-b6d2-c523effc66db.png',971585542772,'Info@cloudseeds.co','awJBxky9HUQHnaAMbVBG9/3ELuCoS7fOXCzFPWKRMmc=','2022-04-13 07:10:59.997565',0,0,232,1,NULL),(26,'Noah1790!',NULL,9715855427,'Support@contractmint.io','awJBxky9HUQHnaAMbVBG9/3ELuCoS7fOXCzFPWKRMmc=','2022-04-13 12:55:00.771879',0,0,230,1,NULL),(27,'Michael Lee','https://document-blockchain.s3.ap-south-1.amazonaws.com/substorage/Documentstorage/24fb1035-7485-44a8-b9bf-77f807ac0383.png',12143290708,'cdev9382@gmail.com','YQvSO+PhiywqZmRsNUjDx8gejkHXjmPVdg2T+py/Fa4=','2022-04-13 14:09:01.458843',0,0,198,1,NULL),(28,'michael',NULL,999999,'cdev9382@gmail.com','YQvSO+PhiywqZmRsNUjDx8gejkHXjmPVdg2T+py/Fa4=','2022-04-13 14:09:01.470415',0,0,232,NULL,NULL),(29,'Test',NULL,971585542772,'Testcontractmint@gmail.com','awJBxky9HUQHnaAMbVBG9/3ELuCoS7fOXCzFPWKRMmc=','2022-04-13 15:59:43.182484',0,0,230,1,NULL),(30,'internetsoft.com',NULL,7867478470,'rohan@internetsoft.com','+Ar5KItM2u1Ib6KbazjenzZEGtlcO1h747uLB6wuShs=','2022-04-13 20:48:19.009374',0,0,232,1,NULL),(31,'Michael Lee',NULL,12143290708,'milee9382@gmail.com','YQvSO+PhiywqZmRsNUjDx8gejkHXjmPVdg2T+py/Fa4=','2022-04-14 00:56:19.741668',0,0,198,1,NULL),(32,'Niranjan Kumar','https://document-blockchain.s3.ap-south-1.amazonaws.com/substorage/Documentstorage/d8412435-7dbd-4d18-88c6-7bfc97736c0c.png',8319140522,'infonexonweb@gmail.com','QgaS5Jy/x6elL52EAycfKzIaZvMv34U8N1Cx/M6rvo8=','2022-04-15 12:12:11.527475',0,0,104,1,'+91'),(33,'Rashmi Ghosh',NULL,8310136309,'rashmi@lookupitsolutions.com','5bt6WiEY2n52B+cWqe7Pln5tBRHxo6QZr8QSSq0Ug1o=','2022-04-15 13:41:46.457331',0,0,104,1,NULL),(34,'Caleb J Walker',NULL,15622940957,'Cwalker227@liberty.edu','awJBxky9HUQHnaAMbVBG9/3ELuCoS7fOXCzFPWKRMmc=','2022-04-15 13:48:00.738147',0,0,232,NULL,NULL),(35,'Caleb Walker','https://document-blockchain.s3.ap-south-1.amazonaws.com/substorage/Documentstorage/433c58d9-a1fe-45c6-b135-2dfec23a3d29.png',971502577198,'lailany10@jcausedm.com','awJBxky9HUQHnaAMbVBG9/3ELuCoS7fOXCzFPWKRMmc=','2022-04-15 15:11:32.453444',0,0,230,1,NULL),(36,'Caleb Walker',NULL,3107403187,'hiwiki2738@eosbuzz.com','awJBxky9HUQHnaAMbVBG9/3ELuCoS7fOXCzFPWKRMmc=','2022-04-18 11:50:17.682909',0,0,232,1,NULL),(37,'Syed ArtStation',NULL,3323190305,'ameermuhammad721@gmail.com','gH/8BLK23E0ZJqMGllokGk+bMEAJY8RBSK+mV0Whhn4=','2022-04-24 01:25:20.154338',0,0,167,1,'+92'),(38,'Hamza Quddus',NULL,3125904820,'Hamzaquddus@gmail.com','D4xA3mxnZS/9hcf8xZeEcpU7bWUvw1SQ3hU/y8Q2Zxw=','2022-04-25 14:12:22.137403',0,0,167,1,'+92'),(39,'praveen kumar','https://document-blockchain.s3.ap-south-1.amazonaws.com/substorage/Documentstorage/e5c7fda5-347c-47f8-97bc-b4219a83dfce.png',9741123358,'info@lookupitsolutions.com','5bt6WiEY2n52B+cWqe7Pln5tBRHxo6QZr8QSSq0Ug1o=','2022-04-26 07:49:33.089466',0,0,104,1,'+91'),(40,'Caleb J Walker',NULL,6265944265,'Caleb@fractal8.io','awJBxky9HUQHnaAMbVBG9/3ELuCoS7fOXCzFPWKRMmc=','2022-04-26 07:58:06.971005',0,0,232,1,'+1'),(41,'Caleb J. Walker','https://document-blockchain.s3.ap-south-1.amazonaws.com/substorage/Documentstorage/0d3bae01-24b4-4349-9693-4fc8d96e9252.png',6265944265,'x@fractal8.io','awJBxky9HUQHnaAMbVBG9/3ELuCoS7fOXCzFPWKRMmc=','2022-04-26 08:19:39.935786',0,0,232,1,'+1'),(42,'Caleb Walker',NULL,6265944265,'test@fractal8.io','awJBxky9HUQHnaAMbVBG9/3ELuCoS7fOXCzFPWKRMmc=','2022-04-26 08:48:21.659187',0,0,232,NULL,'+1'),(43,'Caleb Walker',NULL,6265944265,'donotreply@fractal8.io','awJBxky9HUQHnaAMbVBG9/3ELuCoS7fOXCzFPWKRMmc=','2022-04-26 08:49:47.409038',0,0,232,1,'+1'),(44,'Caleb Walker',NULL,6265944267,'test@contractmint.io','awJBxky9HUQHnaAMbVBG9/3ELuCoS7fOXCzFPWKRMmc=','2022-04-27 12:33:46.067470',0,0,4,NULL,'+355'),(45,'Caleb Walker',NULL,6262284406,'test2@contractmint.io','awJBxky9HUQHnaAMbVBG9/3ELuCoS7fOXCzFPWKRMmc=','2022-04-27 17:46:34.481441',0,0,3,NULL,'+93'),(46,'Caleb Walker',NULL,6262284406,'test2@fractal8.io','awJBxky9HUQHnaAMbVBG9/3ELuCoS7fOXCzFPWKRMmc=','2022-04-27 17:47:46.374150',0,0,4,1,'+355'),(47,'Caleb Walker',NULL,6265944265,'test3@fractal8.io','awJBxky9HUQHnaAMbVBG9/3ELuCoS7fOXCzFPWKRMmc=','2022-04-27 19:14:39.606806',0,0,232,1,'+376'),(48,'Caleb Walker',NULL,6265944265,'kaylugreen@gmail.com','awJBxky9HUQHnaAMbVBG9/3ELuCoS7fOXCzFPWKRMmc=','2022-04-27 19:16:47.150947',0,0,5,1,'+213'),(49,'Caleb Walker',NULL,9945308025,'Abcd@fractal8.io','awJBxky9HUQHnaAMbVBG9/3ELuCoS7fOXCzFPWKRMmc=','2022-04-28 15:59:40.017342',0,0,104,NULL,'+91'),(50,'Caleb Walker',NULL,6265944265,'test3@feactal8.io','A4++BaLvtwN4pmIZ4Fombg==','2022-04-28 16:03:44.430502',0,0,232,NULL,'+1'),(51,'Elmoustapha brahim deihy',NULL,22237403750,'Elmoustaphabrahim77@gmail.com','WIvOLfxwG025igi+fFMz3n0W9PK7TtNGIaHl09buPzA=','2022-04-28 17:18:22.728295',0,0,140,1,'+222'),(52,'Caleb Walker',NULL,6265944265,'test3@fratal8.io','awJBxky9HUQHnaAMbVBG9/3ELuCoS7fOXCzFPWKRMmc=','2022-04-28 19:15:41.754656',0,0,232,NULL,'+1'),(53,'Caleb Walker',NULL,6262284406,'tinoqicol.tegajeveh@labworld.org','awJBxky9HUQHnaAMbVBG9/3ELuCoS7fOXCzFPWKRMmc=','2022-04-29 15:24:01.126583',0,0,232,1,'+1'),(54,'Caleb Walker',NULL,6262284406,'test@vintomaper.com','awJBxky9HUQHnaAMbVBG9/3ELuCoS7fOXCzFPWKRMmc=','2022-04-29 15:26:12.392969',0,0,232,1,'+1'),(55,'Caleb Walker',NULL,6262284406,'contractmint@vintomaper.com','awJBxky9HUQHnaAMbVBG9/3ELuCoS7fOXCzFPWKRMmc=','2022-04-29 16:07:39.527067',0,0,232,1,'+1'),(56,'Muhammad Akmal Saleem','https://document-blockchain.s3.ap-south-1.amazonaws.com/substorage/Documentstorage/13fd3e9a-3b55-4c54-95c0-61de9f3cbbf8.png',3340506078,'m.akmalsaleemlawassociates@gmail.com','3xv3SB6VdkD12hrSMDi3gnU7nWU9xhHph347uyYc/wI=','2022-05-02 07:12:55.112804',0,0,167,1,'+92');
/*!40000 ALTER TABLE `user` ENABLE KEYS */;
UNLOCK TABLES;

--
-- Table structure for table `user_authentication`
--

DROP TABLE IF EXISTS `user_authentication`;
/*!40101 SET @saved_cs_client     = @@character_set_client */;
/*!50503 SET character_set_client = utf8mb4 */;
CREATE TABLE `user_authentication` (
  `id` bigint NOT NULL AUTO_INCREMENT,
  `user_id` bigint NOT NULL,
  `otp` longtext CHARACTER SET utf8mb4 COLLATE utf8mb4_0900_ai_ci,
  `is_active` tinyint(1) NOT NULL,
  `created_date` datetime(6) NOT NULL,
  `expire_time` datetime(6) NOT NULL,
  PRIMARY KEY (`id`),
  KEY `IX_user_authentication_user_id` (`user_id`),
  CONSTRAINT `FK_user_authentication_user_user_id` FOREIGN KEY (`user_id`) REFERENCES `user` (`id`) ON DELETE CASCADE
) ENGINE=InnoDB AUTO_INCREMENT=475 DEFAULT CHARSET=utf8mb4 COLLATE=utf8mb4_0900_ai_ci;
/*!40101 SET character_set_client = @saved_cs_client */;

--
-- Dumping data for table `user_authentication`
--

LOCK TABLES `user_authentication` WRITE;
/*!40000 ALTER TABLE `user_authentication` DISABLE KEYS */;
INSERT INTO `user_authentication` VALUES (81,5,'186432',0,'2022-04-11 12:51:02.562709','2022-04-11 12:53:02.562709'),(84,5,'103060',0,'2022-04-11 12:55:59.795969','2022-04-11 12:57:59.795970'),(89,1,'149519',1,'2022-04-11 14:55:26.279773','2022-04-11 14:57:26.279774'),(92,1,'172230',1,'2022-04-11 15:06:01.661604','2022-04-11 15:08:01.661604'),(93,14,'156469',1,'2022-04-11 16:31:50.523020','2022-04-11 16:33:50.523021'),(94,14,'184376',1,'2022-04-11 16:34:23.481493','2022-04-11 16:36:23.535330'),(95,14,'164875',1,'2022-04-11 16:36:42.685758','2022-04-11 16:38:42.726011'),(96,1,'183835',1,'2022-04-11 16:36:47.742116','2022-04-11 16:38:47.742116'),(97,1,'126609',0,'2022-04-11 16:43:30.936952','2022-04-11 16:49:14.771489'),(98,1,'196264',1,'2022-04-11 17:48:38.163030','2022-04-11 17:50:38.163030'),(99,12,'162156',0,'2022-04-11 17:56:11.058357','2022-04-11 17:58:11.058358'),(100,12,'154637',0,'2022-04-11 18:03:33.074705','2022-04-11 18:05:33.074706'),(101,8,'166097',0,'2022-04-11 19:28:41.744430','2022-04-11 19:30:41.744430'),(102,1,'190686',0,'2022-04-11 19:28:56.504143','2022-04-11 19:34:39.833072'),(103,1,'132734',0,'2022-04-11 19:35:06.670861','2022-04-11 19:40:22.926983'),(104,5,'167769',0,'2022-04-12 04:39:19.105869','2022-04-12 04:41:19.105926'),(105,5,'187175',0,'2022-04-12 04:50:01.815585','2022-04-12 04:52:01.815585'),(106,5,'124467',0,'2022-04-12 04:56:00.364540','2022-04-12 04:58:00.364541'),(107,5,'195532',0,'2022-04-12 04:59:22.878709','2022-04-12 05:01:22.878709'),(108,5,'191493',0,'2022-04-12 05:01:50.802871','2022-04-12 05:03:50.802872'),(110,5,'153258',0,'2022-04-12 05:09:37.986827','2022-04-12 05:15:07.232211'),(111,1,'178002',0,'2022-04-12 05:31:47.020296','2022-04-12 05:37:35.263813'),(112,3,'121854',0,'2022-04-12 05:39:36.170664','2022-04-12 05:44:55.105314'),(113,1,'194183',0,'2022-04-12 05:42:36.970005','2022-04-12 05:47:53.673229'),(114,5,'155600',0,'2022-04-12 06:15:42.493720','2022-04-12 06:22:05.945992'),(115,3,'169469',0,'2022-04-12 06:18:51.407827','2022-04-12 06:24:09.271816'),(116,21,'152886',0,'2022-04-12 06:19:20.861548','2022-04-12 06:24:38.294372'),(117,8,'183336',0,'2022-04-12 06:35:53.213177','2022-04-12 06:37:53.213215'),(118,3,'193881',0,'2022-04-12 06:36:18.951159','2022-04-12 06:41:33.002685'),(119,21,'198435',0,'2022-04-12 06:39:19.879218','2022-04-12 06:44:41.168935'),(120,1,'157404',0,'2022-04-12 06:48:15.657367','2022-04-12 06:53:28.886288'),(121,3,'138949',0,'2022-04-12 06:50:32.250146','2022-04-12 06:52:32.250146'),(123,1,'113639',1,'2022-04-12 07:08:18.478855','2022-04-12 07:10:18.478855'),(124,1,'115882',1,'2022-04-12 07:13:25.535559','2022-04-12 07:15:25.535560'),(125,3,'141249',0,'2022-04-12 07:15:06.808760','2022-04-12 07:20:54.315908'),(126,5,'150812',0,'2022-04-12 07:17:07.660156','2022-04-12 07:19:07.660157'),(127,22,'133162',0,'2022-04-12 07:47:06.676310','2022-04-12 07:49:06.676311'),(128,22,'152987',0,'2022-04-12 07:50:50.413464','2022-04-12 07:56:10.504010'),(129,5,'136044',0,'2022-04-12 08:02:31.018245','2022-04-12 08:04:31.018245'),(130,22,'169231',0,'2022-04-12 08:17:21.773024','2022-04-12 08:22:37.415207'),(131,5,'141559',0,'2022-04-12 08:57:16.528992','2022-04-12 09:02:52.517486'),(132,5,'106753',0,'2022-04-12 10:22:21.815479','2022-04-12 10:27:44.434190'),(133,5,'131837',0,'2022-04-12 10:39:52.248245','2022-04-12 10:41:52.248246'),(134,23,'189357',0,'2022-04-12 10:42:45.937191','2022-04-12 10:48:12.534334'),(135,22,'130683',0,'2022-04-12 11:21:09.823073','2022-04-12 11:26:27.313500'),(136,23,'199598',0,'2022-04-12 11:21:53.845300','2022-04-12 11:27:13.234890'),(137,23,'193485',0,'2022-04-12 11:40:12.302250','2022-04-12 11:45:32.821731'),(138,12,'144210',0,'2022-04-12 11:48:49.470881','2022-04-12 11:50:49.470882'),(139,24,'149097',0,'2022-04-12 11:52:52.944898','2022-04-12 11:58:57.102572'),(140,1,'153283',0,'2022-04-12 11:58:01.800111','2022-04-12 12:03:14.128769'),(141,24,'124702',0,'2022-04-12 12:02:03.967852','2022-04-12 12:07:29.212835'),(142,24,'106919',0,'2022-04-12 12:34:31.298006','2022-04-12 12:39:51.299908'),(144,23,'150594',0,'2022-04-12 12:37:52.477987','2022-04-12 12:43:11.834413'),(145,1,'198979',1,'2022-04-12 13:43:08.169765','2022-04-12 13:45:08.169767'),(146,1,'122923',0,'2022-04-12 13:57:03.411608','2022-04-12 14:02:18.724569'),(147,12,'106584',0,'2022-04-12 13:58:48.300639','2022-04-12 14:00:48.300640'),(148,21,'116462',0,'2022-04-12 14:00:15.605897','2022-04-12 14:05:34.068879'),(149,12,'103202',0,'2022-04-12 14:05:10.103880','2022-04-12 14:07:10.103881'),(150,23,'172065',0,'2022-04-13 05:29:58.580976','2022-04-13 05:35:17.416676'),(151,22,'173067',0,'2022-04-13 05:38:14.876558','2022-04-13 05:43:44.948667'),(152,23,'151169',0,'2022-04-13 06:26:48.635631','2022-04-13 06:32:27.353542'),(153,25,'188994',0,'2022-04-13 07:13:19.416911','2022-04-13 07:18:37.674094'),(154,22,'176011',0,'2022-04-13 07:14:01.995647','2022-04-13 07:16:01.995647'),(155,25,'161455',0,'2022-04-13 07:22:27.412900','2022-04-13 07:27:37.849871'),(156,22,'150645',0,'2022-04-13 07:29:32.832468','2022-04-13 07:34:53.536882'),(158,23,'147342',0,'2022-04-13 10:28:54.854173','2022-04-14 10:29:24.020410'),(159,22,'148261',0,'2022-04-13 11:45:36.022967','2022-04-13 11:55:36.022968'),(160,22,'188792',0,'2022-04-13 11:56:01.217551','2022-04-14 12:03:11.118512'),(163,26,'148392',1,'2022-04-13 12:55:53.938837','2022-04-13 13:05:53.938838'),(164,21,'157437',1,'2022-04-13 13:20:39.034721','2022-04-13 13:30:39.034722'),(165,26,'134820',1,'2022-04-13 13:22:01.017836','2022-04-13 13:32:01.017836'),(166,26,'152564',1,'2022-04-13 13:58:09.188524','2022-04-13 14:08:09.188524'),(167,27,'150582',1,'2022-04-13 14:10:07.389663','2022-04-13 14:20:07.389663'),(168,26,'150878',1,'2022-04-13 15:23:26.643965','2022-04-13 15:33:26.643966'),(169,26,'170040',1,'2022-04-13 15:39:41.914191','2022-04-13 15:49:41.914192'),(170,12,'145256',0,'2022-04-13 15:50:37.209453','2022-04-13 16:00:37.209453'),(171,29,'158306',0,'2022-04-13 18:32:01.287205','2022-04-13 18:42:01.287205'),(172,12,'180309',0,'2022-04-13 18:57:56.754263','2022-04-13 19:07:56.754264'),(173,30,'177466',0,'2022-04-13 20:51:00.440395','2022-04-14 20:51:36.665564'),(174,12,'140014',0,'2022-04-13 22:39:21.222464','2022-04-13 22:49:21.222465'),(175,31,'108111',1,'2022-04-14 00:57:06.452738','2022-04-14 01:07:06.452739'),(176,27,'194311',0,'2022-04-14 01:01:24.705680','2022-04-14 12:42:46.651185'),(177,31,'140614',1,'2022-04-14 01:11:11.873852','2022-04-14 01:21:11.873853'),(178,12,'165956',0,'2022-04-14 03:45:26.385790','2022-04-14 03:55:26.385790'),(179,5,'168069',0,'2022-04-14 06:14:33.209216','2022-04-14 06:24:33.209216'),(180,5,'116994',0,'2022-04-14 06:48:28.240259','2022-04-14 12:42:46.651185'),(181,12,'133576',0,'2022-04-14 08:04:09.714128','2022-04-14 08:14:09.714128'),(182,29,'107560',0,'2022-04-14 08:23:27.944006','2022-04-14 08:33:27.944007'),(183,23,'197777',0,'2022-04-14 12:42:29.569758','2022-04-14 12:42:46.651185'),(184,12,'191433',0,'2022-04-14 14:03:46.318174','2022-04-14 14:13:46.318175'),(185,26,'149187',1,'2022-04-14 15:09:18.164071','2022-04-14 15:19:18.164072'),(186,24,'182017',1,'2022-04-14 15:09:52.244440','2022-04-14 15:19:52.244440'),(189,12,'126493',0,'2022-04-15 08:52:15.379312','2022-04-14 12:42:46.651185'),(190,3,'128148',0,'2022-04-15 09:04:34.748239','2022-04-14 12:42:46.651185'),(191,3,'100095',0,'2022-04-15 09:08:07.928540','2022-04-14 12:42:46.651185'),(192,3,'118072',0,'2022-04-15 09:11:04.621770','2022-04-14 12:42:46.651185'),(193,3,'106767',0,'2022-04-15 09:12:11.112460','2022-04-14 09:22:11.112460'),(194,12,'168676',0,'2022-04-15 09:19:28.021706','2022-04-14 12:42:46.651185'),(195,22,'154805',1,'2022-04-15 09:20:59.722084','2022-04-14 12:42:46.651185'),(200,23,'110626',0,'2022-04-15 09:59:18.185314','2022-04-15 10:01:18.185369'),(201,23,'101552',0,'2022-04-15 09:59:54.682221','2022-04-15 10:05:42.804916'),(202,5,'178717',0,'2022-04-15 10:48:11.713789','2022-04-15 10:50:11.713828'),(203,5,'189851',0,'2022-04-15 10:50:15.194061','2022-04-15 10:52:15.194063'),(204,5,'197257',0,'2022-04-15 10:52:41.774693','2022-04-15 10:58:02.361256'),(205,5,'131928',0,'2022-04-15 10:58:10.951272','2022-04-15 11:00:10.951273'),(206,29,'144707',0,'2022-04-15 11:00:44.960855','2022-04-15 11:02:44.960856'),(207,29,'107535',0,'2022-04-15 11:03:26.901408','2022-04-15 11:05:26.901408'),(208,5,'193745',0,'2022-04-15 11:39:03.128803','2022-04-15 11:41:03.128804'),(209,5,'125613',0,'2022-04-15 11:41:15.245101','2022-04-15 11:43:15.245102'),(210,5,'125871',0,'2022-04-15 11:43:27.753845','2022-04-15 11:45:27.753846'),(211,5,'112301',0,'2022-04-15 12:03:46.344998','2022-04-15 12:09:26.133211'),(212,32,'185408',0,'2022-04-15 12:16:08.369612','2022-04-15 12:21:59.163911'),(213,5,'106367',0,'2022-04-15 12:28:59.966266','2022-04-15 12:30:59.966266'),(214,24,'190280',0,'2022-04-15 12:46:21.911772','2022-04-15 12:51:49.333620'),(215,5,'195577',0,'2022-04-15 12:46:31.776957','2022-04-15 12:51:43.985600'),(216,33,'150936',0,'2022-04-15 13:43:34.091246','2022-04-15 13:45:34.091247'),(217,33,'165239',0,'2022-04-15 13:46:10.629112','2022-04-15 13:56:10.629112'),(218,33,'149028',0,'2022-04-15 13:46:20.536372','2022-04-15 13:56:20.536373'),(219,33,'139987',0,'2022-04-15 13:46:58.740333','2022-04-15 13:56:58.740334'),(220,25,'121251',0,'2022-04-15 13:49:41.172900','2022-04-15 13:55:01.735862'),(221,33,'126239',0,'2022-04-15 13:50:46.569164','2022-04-15 14:00:46.569165'),(222,3,'163857',0,'2022-04-15 13:52:42.949670','2022-04-15 14:02:42.949671'),(224,3,'173569',0,'2022-04-15 13:54:56.133008','2022-04-15 14:04:56.133766'),(225,33,'193817',0,'2022-04-15 14:08:56.482950','2022-04-15 14:10:56.482988'),(226,33,'157624',1,'2022-04-15 14:09:27.843367','2022-04-15 14:19:27.843368'),(231,12,'148812',0,'2022-04-15 15:08:43.735908','2022-04-15 15:10:43.735908'),(232,12,'117520',0,'2022-04-15 15:09:47.160852','2022-04-15 15:19:47.160853'),(233,35,'184518',0,'2022-04-15 15:16:39.766140','2022-04-15 15:18:39.766141'),(234,35,'132560',0,'2022-04-15 15:16:48.890781','2022-04-15 15:26:48.890781'),(235,35,'184482',0,'2022-04-15 15:16:52.227362','2022-04-15 15:26:52.227363'),(236,35,'168117',0,'2022-04-15 15:32:28.592379','2022-04-15 15:34:28.592380'),(237,35,'170149',1,'2022-04-15 15:32:32.850403','2022-04-15 15:42:32.850404'),(238,8,'115094',0,'2022-04-15 15:34:21.733020','2022-04-15 15:36:21.733021'),(239,8,'194568',0,'2022-04-15 15:34:25.373899','2022-04-15 15:44:25.373900'),(285,23,'173897',0,'2022-04-18 06:12:49.501941','2022-04-18 06:19:12.936804'),(286,4,'125283',1,'2022-04-18 06:26:55.807277','2022-04-18 06:28:55.810907'),(287,8,'142419',0,'2022-04-18 07:15:28.368277','2022-04-18 07:20:55.472046'),(288,12,'155446',0,'2022-04-18 07:36:16.528980','2022-04-18 07:38:16.528980'),(289,23,'188707',0,'2022-04-18 09:27:13.566697','2022-04-18 09:29:13.566733'),(290,23,'135640',0,'2022-04-18 09:27:48.008976','2022-04-18 09:33:47.861077'),(291,23,'177927',0,'2022-04-18 09:43:27.933291','2022-04-18 09:49:02.180039'),(292,23,'109989',0,'2022-04-18 10:09:16.047271','2022-04-18 10:15:35.561343'),(293,23,'165310',0,'2022-04-18 10:56:04.896692','2022-04-18 11:01:27.049185'),(294,23,'162757',0,'2022-04-18 11:23:45.552563','2022-04-18 11:29:37.241265'),(295,24,'140200',1,'2022-04-18 11:46:06.854250','2022-04-18 11:48:06.854250'),(296,36,'174660',0,'2022-04-18 11:51:07.651210','2022-04-18 11:56:50.153081'),(297,23,'176219',0,'2022-04-18 11:59:25.277133','2022-04-18 12:01:25.277133'),(298,32,'184871',0,'2022-04-18 14:52:34.910106','2022-04-18 14:54:34.910147'),(299,32,'131262',0,'2022-04-18 14:53:05.896569','2022-04-18 15:03:05.896570'),(300,32,'124260',0,'2022-04-18 14:53:08.336493','2022-04-18 15:03:08.336494'),(301,32,'180295',0,'2022-04-18 14:53:09.150061','2022-04-18 14:58:52.810145'),(302,12,'139638',0,'2022-04-18 15:34:41.795044','2022-04-18 15:36:41.795045'),(303,4,'178348',0,'2022-04-18 15:56:29.179064','2022-04-18 16:02:11.295943'),(304,24,'114410',1,'2022-04-18 18:25:00.690441','2022-04-18 18:27:00.690487'),(305,8,'155437',0,'2022-04-18 20:25:41.728741','2022-04-18 20:31:34.757162'),(306,23,'142077',0,'2022-04-19 04:27:24.332559','2022-04-19 04:33:01.287728'),(307,5,'162885',0,'2022-04-19 04:42:20.631715','2022-04-19 04:44:20.631717'),(308,5,'127998',0,'2022-04-19 04:45:34.055222','2022-04-19 04:47:34.055223'),(309,23,'114803',0,'2022-04-19 04:46:29.316027','2022-04-19 04:51:59.572623'),(310,5,'128474',0,'2022-04-19 04:47:56.762070','2022-04-19 04:49:56.762071'),(311,5,'182139',0,'2022-04-19 04:50:23.719721','2022-04-19 04:52:23.719721'),(312,5,'167526',0,'2022-04-19 04:52:58.812095','2022-04-19 04:54:58.812095'),(313,5,'107598',0,'2022-04-19 04:59:37.413794','2022-04-19 05:01:37.413795'),(314,5,'143392',0,'2022-04-19 05:02:46.302256','2022-04-19 05:12:46.302256'),(315,5,'186083',0,'2022-04-19 05:02:47.965286','2022-04-19 05:08:17.870916'),(316,5,'131563',0,'2022-04-19 05:22:26.584314','2022-04-19 05:27:38.979058'),(317,8,'111934',0,'2022-04-19 05:29:36.948673','2022-04-19 05:34:55.306751'),(318,23,'163655',0,'2022-04-19 05:45:25.960816','2022-04-19 05:51:50.111761'),(319,23,'114969',0,'2022-04-19 06:18:24.112404','2022-04-19 06:24:43.478260'),(320,32,'182212',0,'2022-04-19 08:40:43.280146','2022-04-19 08:46:35.978411'),(321,23,'190195',0,'2022-04-19 14:16:09.036868','2022-04-19 14:22:14.144237'),(322,23,'133803',0,'2022-04-20 05:26:20.509708','2022-04-20 05:31:50.111159'),(323,23,'117522',0,'2022-04-20 06:24:28.294256','2022-04-20 06:31:06.200339'),(324,5,'183025',1,'2022-04-20 06:38:38.707285','2022-04-20 06:40:38.707286'),(325,5,'148623',0,'2022-04-20 06:42:26.224042','2022-04-20 06:47:38.001192'),(326,23,'143973',0,'2022-04-20 07:22:44.595569','2022-04-20 07:28:21.401435'),(327,23,'186674',0,'2022-04-20 07:34:36.337413','2022-04-20 07:36:36.337414'),(328,23,'118131',0,'2022-04-20 07:35:11.127428','2022-04-20 07:41:46.583976'),(329,23,'176728',0,'2022-04-20 08:04:47.149295','2022-04-20 08:10:28.198673'),(330,4,'135744',1,'2022-04-20 08:35:16.584839','2022-04-20 08:37:16.585559'),(331,4,'188404',1,'2022-04-20 08:38:49.763217','2022-04-20 08:40:49.763267'),(332,8,'157568',0,'2022-04-20 09:23:24.585108','2022-04-20 09:28:50.291243'),(333,8,'181631',0,'2022-04-20 09:50:30.882225','2022-04-20 09:55:51.878742'),(334,23,'134368',0,'2022-04-20 10:12:20.115953','2022-04-20 10:18:03.920793'),(335,8,'129712',0,'2022-04-20 11:14:54.444068','2022-04-20 11:20:17.978467'),(336,5,'199518',0,'2022-04-20 14:16:41.072086','2022-04-20 14:21:57.153882'),(337,23,'181832',0,'2022-04-20 19:12:44.742349','2022-04-20 19:18:36.209431'),(338,8,'153095',0,'2022-04-20 21:33:44.920046','2022-04-20 21:39:26.915459'),(339,5,'194585',0,'2022-04-21 04:26:56.454107','2022-04-21 04:32:14.073379'),(340,5,'107775',0,'2022-04-21 04:34:29.736085','2022-04-21 04:40:04.162575'),(341,4,'139870',1,'2022-04-21 04:41:50.961560','2022-04-21 04:43:50.962309'),(342,4,'142442',1,'2022-04-21 04:43:42.842208','2022-04-21 04:45:42.842905'),(343,5,'112529',1,'2022-04-21 04:47:02.588106','2022-04-21 04:49:02.588149'),(344,5,'135282',1,'2022-04-21 04:58:51.935364','2022-04-21 05:00:51.935407'),(345,5,'105361',0,'2022-04-21 05:01:12.920557','2022-04-21 05:06:28.248423'),(346,24,'196848',0,'2022-04-21 05:37:11.717337','2022-04-21 05:43:37.345246'),(347,23,'163699',0,'2022-04-21 06:28:14.833609','2022-04-21 06:33:48.435759'),(348,23,'154812',0,'2022-04-21 06:52:43.844013','2022-04-21 06:58:16.203442'),(349,23,'198964',0,'2022-04-21 08:41:06.428738','2022-04-21 08:46:34.982818'),(350,4,'196687',0,'2022-04-21 08:56:29.642295','2022-04-21 09:02:20.820668'),(351,5,'162801',0,'2022-04-21 09:45:20.337656','2022-04-21 09:50:56.134040'),(352,4,'197383',0,'2022-04-21 10:58:51.003519','2022-04-21 11:04:34.258068'),(353,5,'116637',1,'2022-04-21 11:13:21.003521','2022-04-21 11:15:21.003569'),(354,4,'159263',0,'2022-04-21 14:42:54.799825','2022-04-21 14:48:35.013136'),(355,8,'198619',0,'2022-04-21 19:40:15.247669','2022-04-21 19:45:36.048512'),(356,5,'167286',0,'2022-04-22 04:13:01.410847','2022-04-22 04:18:23.881412'),(357,23,'124501',0,'2022-04-22 04:22:52.765326','2022-04-22 04:28:34.492609'),(358,23,'157099',0,'2022-04-22 05:18:40.021690','2022-04-22 05:24:25.940633'),(359,23,'113022',0,'2022-04-22 06:14:58.283926','2022-04-22 06:20:55.497557'),(360,5,'133188',0,'2022-04-23 04:33:10.327336','2022-04-23 04:38:21.565514'),(361,23,'101382',0,'2022-04-23 05:12:06.640093','2022-04-23 05:17:43.081616'),(362,4,'130460',0,'2022-04-23 06:21:22.016122','2022-04-23 06:27:08.317032'),(363,4,'188151',0,'2022-04-23 06:43:19.420037','2022-04-23 06:48:39.538050'),(364,23,'144384',0,'2022-04-23 13:10:47.778282','2022-04-23 13:16:27.584501'),(365,24,'121537',0,'2022-04-23 13:30:03.689643','2022-04-23 13:36:29.607675'),(366,8,'142451',0,'2022-04-23 15:50:26.211728','2022-04-23 15:55:49.047392'),(367,37,'119755',0,'2022-04-24 01:25:52.255007','2022-04-24 01:31:21.560065'),(368,37,'110944',0,'2022-04-24 01:49:00.471254','2022-04-24 01:54:22.615496'),(369,23,'147482',0,'2022-04-24 07:08:56.469036','2022-04-24 07:14:31.239562'),(370,37,'175972',0,'2022-04-24 10:33:51.110003','2022-04-24 10:39:14.248579'),(371,23,'111336',0,'2022-04-24 13:59:53.314886','2022-04-24 14:05:30.663350'),(372,24,'124913',0,'2022-04-24 18:47:17.375389','2022-04-24 18:52:59.451205'),(373,5,'131971',0,'2022-04-25 04:19:20.933164','2022-04-25 04:25:07.636125'),(374,23,'136627',0,'2022-04-25 04:43:36.586964','2022-04-25 04:49:09.478368'),(375,23,'190686',0,'2022-04-25 07:31:36.541234','2022-04-25 07:37:01.429858'),(376,23,'129974',0,'2022-04-25 09:49:10.271771','2022-04-25 09:55:17.760798'),(377,5,'197936',0,'2022-04-25 09:54:26.209865','2022-04-25 09:59:59.586373'),(378,23,'166529',0,'2022-04-25 10:28:48.971335','2022-04-25 10:34:29.527532'),(379,23,'156006',0,'2022-04-25 10:36:49.426404','2022-04-25 10:43:07.951378'),(380,5,'133895',0,'2022-04-25 11:11:51.919492','2022-04-25 11:17:12.697063'),(381,23,'105352',0,'2022-04-25 11:18:43.599171','2022-04-25 11:24:34.842258'),(382,5,'130008',0,'2022-04-25 11:40:10.147900','2022-04-25 11:45:28.050397'),(383,5,'187360',0,'2022-04-25 13:24:29.967930','2022-04-25 13:29:49.729692'),(384,23,'189777',1,'2022-04-25 14:28:19.223988','2022-04-25 14:30:19.224045'),(385,23,'134081',1,'2022-04-25 14:32:17.757648','2022-04-25 14:34:17.757650'),(386,23,'140572',1,'2022-04-25 14:44:54.236518','2022-04-25 14:46:54.236518'),(387,23,'161337',1,'2022-04-25 14:49:08.802351','2022-04-25 14:51:08.802351'),(388,23,'193373',1,'2022-04-25 14:52:45.102494','2022-04-25 14:54:45.102494'),(389,23,'113063',0,'2022-04-25 15:02:53.806468','2022-04-25 15:08:27.689382'),(390,24,'193392',0,'2022-04-25 15:33:01.844855','2022-04-25 15:38:34.484354'),(391,24,'118394',1,'2022-04-25 18:42:34.617856','2022-04-25 18:44:34.617908'),(392,24,'128734',0,'2022-04-25 18:48:38.423954','2022-04-25 18:53:58.301840'),(393,23,'196843',0,'2022-04-25 19:19:41.108580','2022-04-25 19:25:13.073573'),(394,23,'183639',0,'2022-04-25 20:11:17.706223','2022-04-25 20:16:45.764555'),(395,5,'198917',0,'2022-04-26 04:42:40.522340','2022-04-26 04:47:59.219897'),(396,23,'167238',0,'2022-04-26 04:44:38.159246','2022-04-26 04:50:14.719394'),(397,23,'184408',0,'2022-04-26 05:29:08.045609','2022-04-26 05:34:55.599272'),(398,23,'167403',1,'2022-04-26 05:47:37.434557','2022-04-26 05:49:37.434558'),(399,23,'145093',0,'2022-04-26 05:51:33.334719','2022-04-26 05:57:35.377295'),(400,39,'184145',0,'2022-04-26 07:52:51.188183','2022-04-26 07:58:11.033346'),(401,40,'120272',1,'2022-04-26 07:59:44.073449','2022-04-26 08:01:44.073450'),(402,41,'176387',0,'2022-04-26 08:21:01.983576','2022-04-26 08:26:55.809064'),(403,40,'142218',0,'2022-04-26 08:35:36.766300','2022-04-26 08:40:57.942576'),(404,43,'147075',0,'2022-04-26 08:50:58.723615','2022-04-26 08:56:18.978586'),(405,40,'195035',0,'2022-04-26 08:55:55.772335','2022-04-26 09:01:24.233077'),(406,23,'161258',1,'2022-04-26 08:57:27.637000','2022-04-26 08:59:27.637001'),(407,23,'137864',0,'2022-04-26 09:00:42.372283','2022-04-26 09:06:22.021049'),(408,23,'134630',0,'2022-04-26 09:24:31.178439','2022-04-26 09:29:58.062845'),(409,8,'187422',0,'2022-04-26 09:34:51.106214','2022-04-26 09:40:43.755098'),(410,24,'127411',0,'2022-04-26 14:10:55.315231','2022-04-26 14:16:30.600663'),(411,23,'108150',0,'2022-04-26 14:24:56.115023','2022-04-26 14:30:27.550717'),(412,5,'139994',0,'2022-04-27 04:28:33.887063','2022-04-27 04:33:52.091873'),(413,23,'181422',0,'2022-04-27 06:48:22.343478','2022-04-27 06:54:11.160159'),(414,23,'147446',0,'2022-04-27 09:39:58.188157','2022-04-27 09:45:41.432559'),(415,23,'115209',0,'2022-04-27 10:47:33.350493','2022-04-27 10:53:17.516834'),(416,12,'101571',0,'2022-04-27 11:58:52.445852','2022-04-27 12:04:54.434352'),(417,8,'137222',0,'2022-04-27 14:00:57.834782','2022-04-27 14:06:32.141091'),(418,23,'142637',0,'2022-04-27 14:14:39.788177','2022-04-27 14:20:27.310237'),(419,46,'191531',0,'2022-04-27 17:49:05.246552','2022-04-27 17:54:33.565451'),(420,8,'117232',0,'2022-04-27 18:48:09.641258','2022-04-27 18:53:42.010152'),(421,12,'166200',0,'2022-04-27 18:59:07.536092','2022-04-27 19:01:07.536093'),(422,12,'133771',0,'2022-04-27 19:01:52.745292','2022-04-27 19:11:52.745293'),(423,12,'155308',0,'2022-04-27 19:01:56.168682','2022-04-27 19:07:13.586777'),(424,41,'187823',0,'2022-04-27 19:06:12.040669','2022-04-27 19:11:30.579620'),(425,48,'121076',0,'2022-04-27 19:17:37.080252','2022-04-27 19:23:05.003579'),(426,48,'113493',0,'2022-04-27 19:34:12.304494','2022-04-27 19:39:33.213236'),(427,8,'128311',0,'2022-04-27 19:42:53.838211','2022-04-27 19:48:23.049380'),(428,8,'183732',0,'2022-04-27 20:36:24.903128','2022-04-27 20:41:50.973788'),(429,5,'186806',0,'2022-04-28 04:50:04.296754','2022-04-28 04:55:24.949282'),(430,23,'105096',1,'2022-04-28 05:38:51.204514','2022-04-28 05:40:51.204514'),(431,23,'107529',0,'2022-04-28 05:49:35.384124','2022-04-28 05:55:28.815330'),(432,24,'152521',1,'2022-04-28 06:44:58.421392','2022-04-28 06:46:58.421393'),(433,32,'185339',0,'2022-04-28 07:39:52.947216','2022-04-28 07:45:18.038823'),(434,23,'165087',0,'2022-04-28 08:02:25.589258','2022-04-28 08:08:02.984950'),(435,4,'132204',0,'2022-04-28 08:31:55.878394','2022-04-28 08:37:50.999388'),(436,4,'153031',1,'2022-04-28 09:04:39.363546','2022-04-28 09:06:39.363586'),(437,4,'117572',1,'2022-04-28 09:10:37.879251','2022-04-28 09:12:37.879288'),(438,23,'135082',0,'2022-04-28 10:43:16.190287','2022-04-28 10:49:00.737758'),(439,12,'149297',0,'2022-04-28 14:18:38.522313','2022-04-28 14:24:57.919454'),(440,8,'188210',0,'2022-04-28 14:39:15.127576','2022-04-28 14:41:15.127576'),(441,8,'130959',0,'2022-04-28 14:39:22.489094','2022-04-28 14:49:22.489095'),(442,8,'126858',0,'2022-04-28 14:39:28.652707','2022-04-28 14:44:48.575741'),(443,51,'179966',1,'2022-04-28 17:20:31.521942','2022-04-28 17:22:31.521975'),(444,47,'158992',0,'2022-04-28 19:18:04.013716','2022-04-28 19:23:47.944131'),(445,8,'116538',0,'2022-04-28 19:19:44.655457','2022-04-28 19:21:44.655458'),(446,8,'197137',0,'2022-04-28 19:20:58.896044','2022-04-28 19:27:19.654724'),(447,37,'190944',0,'2022-04-29 02:01:19.674518','2022-04-29 02:06:38.354289'),(448,5,'101678',0,'2022-04-29 06:10:46.888185','2022-04-29 06:16:00.424063'),(449,23,'124211',0,'2022-04-29 12:32:21.880443','2022-04-29 12:37:54.986843'),(450,23,'131040',0,'2022-04-29 13:24:04.924408','2022-04-29 13:29:26.335645'),(451,8,'152049',0,'2022-04-29 14:43:00.210368','2022-04-29 14:48:28.389936'),(452,24,'196705',0,'2022-04-29 14:47:25.972048','2022-04-29 14:52:58.233340'),(453,8,'131050',0,'2022-04-29 14:51:43.993104','2022-04-29 14:58:16.343755'),(454,24,'125159',0,'2022-04-29 14:58:27.163162','2022-04-29 15:04:21.182076'),(455,4,'113836',0,'2022-04-29 15:04:04.652423','2022-04-29 15:09:29.598728'),(456,53,'198094',1,'2022-04-29 15:24:35.396791','2022-04-29 15:26:35.396792'),(457,54,'133289',0,'2022-04-29 15:27:08.542829','2022-04-29 15:32:25.822132'),(458,55,'185054',1,'2022-04-29 16:08:24.613781','2022-04-29 16:10:24.613782'),(459,8,'119043',0,'2022-04-29 16:09:29.800278','2022-04-29 16:14:52.788452'),(460,8,'182085',0,'2022-04-30 02:49:34.994468','2022-04-30 02:55:00.712504'),(461,5,'115322',0,'2022-04-30 04:34:08.776381','2022-04-30 04:39:36.374199'),(462,23,'127371',0,'2022-04-30 04:57:27.801387','2022-04-30 05:02:50.797091'),(463,23,'189986',0,'2022-04-30 05:16:05.386955','2022-04-30 05:22:34.856024'),(464,24,'166049',0,'2022-04-30 05:35:06.839561','2022-04-30 05:40:31.395836'),(465,8,'143006',0,'2022-04-30 07:31:59.549785','2022-04-30 07:37:27.936991'),(466,8,'109636',0,'2022-04-30 07:55:50.756544','2022-04-30 08:01:17.992179'),(467,8,'128027',0,'2022-04-30 08:03:11.143795','2022-04-30 08:08:33.615805'),(468,5,'126726',1,'2022-04-30 12:00:25.143762','2022-04-30 12:02:25.143806'),(469,23,'191589',1,'2022-04-30 12:56:24.088353','2022-04-30 12:58:24.088354'),(470,23,'176183',0,'2022-04-30 13:14:07.817930','2022-04-30 13:19:54.505143'),(471,8,'197374',0,'2022-05-01 13:06:37.265399','2022-05-01 13:12:05.388864'),(472,5,'193426',0,'2022-05-02 04:04:56.268803','2022-05-02 04:10:17.058264'),(473,5,'121981',0,'2022-05-02 04:23:23.367734','2022-05-02 04:28:37.639673'),(474,56,'147778',0,'2022-05-02 07:14:04.700117','2022-05-02 07:19:29.856795');
/*!40000 ALTER TABLE `user_authentication` ENABLE KEYS */;
UNLOCK TABLES;

--
-- Table structure for table `user_cart`
--

DROP TABLE IF EXISTS `user_cart`;
/*!40101 SET @saved_cs_client     = @@character_set_client */;
/*!50503 SET character_set_client = utf8mb4 */;
CREATE TABLE `user_cart` (
  `id` bigint NOT NULL AUTO_INCREMENT,
  `user_id` bigint NOT NULL,
  `document_id` bigint NOT NULL,
  `quantity` int NOT NULL,
  `order_status` longtext CHARACTER SET utf8mb4 COLLATE utf8mb4_0900_ai_ci,
  `created_date` datetime(6) NOT NULL,
  `updated_date` datetime(6) NOT NULL,
  `user_order_id` bigint DEFAULT NULL,
  PRIMARY KEY (`id`),
  KEY `IX_user_cart_document_id` (`document_id`),
  KEY `IX_user_cart_user_id` (`user_id`),
  KEY `IX_user_cart_user_order_id` (`user_order_id`),
  CONSTRAINT `FK_user_cart_documents_document_id` FOREIGN KEY (`document_id`) REFERENCES `documents` (`id`) ON DELETE CASCADE,
  CONSTRAINT `FK_user_cart_user_order_user_order_id` FOREIGN KEY (`user_order_id`) REFERENCES `user_order` (`id`),
  CONSTRAINT `FK_user_cart_user_user_id` FOREIGN KEY (`user_id`) REFERENCES `user` (`id`) ON DELETE CASCADE
) ENGINE=InnoDB AUTO_INCREMENT=305 DEFAULT CHARSET=utf8mb4 COLLATE=utf8mb4_0900_ai_ci;
/*!40101 SET character_set_client = @saved_cs_client */;

--
-- Dumping data for table `user_cart`
--

LOCK TABLES `user_cart` WRITE;
/*!40000 ALTER TABLE `user_cart` DISABLE KEYS */;
INSERT INTO `user_cart` VALUES (11,9,4,1,NULL,'2022-03-31 09:16:59.815608','0001-01-01 00:00:00.000000',NULL),(53,14,1,1,NULL,'2022-04-07 06:32:16.384808','0001-01-01 00:00:00.000000',NULL),(67,21,9,1,NULL,'2022-04-12 06:40:05.278680','0001-01-01 00:00:00.000000',NULL),(104,25,11,1,NULL,'2022-04-15 13:54:51.522373','0001-01-01 00:00:00.000000',NULL),(267,43,51,1,NULL,'2022-04-26 08:55:17.971766','0001-01-01 00:00:00.000000',NULL),(292,4,51,1,'Your card number is incorrect.','2022-04-29 15:05:09.555936','0001-01-01 00:00:00.000000',142),(303,23,60,1,NULL,'2022-04-30 13:23:32.784011','0001-01-01 00:00:00.000000',NULL),(304,8,60,1,NULL,'2022-05-01 13:08:17.826886','0001-01-01 00:00:00.000000',NULL);
/*!40000 ALTER TABLE `user_cart` ENABLE KEYS */;
UNLOCK TABLES;

--
-- Table structure for table `user_documents`
--

DROP TABLE IF EXISTS `user_documents`;
/*!40101 SET @saved_cs_client     = @@character_set_client */;
/*!50503 SET character_set_client = utf8mb4 */;
CREATE TABLE `user_documents` (
  `id` bigint NOT NULL AUTO_INCREMENT,
  `user_id` bigint NOT NULL,
  `document_id` bigint NOT NULL,
  `quantity` int NOT NULL,
  `remaining_quantity` int NOT NULL,
  `order_id` bigint NOT NULL,
  `is_edited` tinyint(1) DEFAULT NULL,
  `edited_document` longtext CHARACTER SET utf8mb4 COLLATE utf8mb4_0900_ai_ci,
  `order_date` datetime(6) NOT NULL,
  `updated_date` datetime(6) NOT NULL,
  `alternate_name` longtext CHARACTER SET utf8mb4 COLLATE utf8mb4_0900_ai_ci,
  `is_recent` tinyint(1) DEFAULT NULL,
  PRIMARY KEY (`id`),
  KEY `IX_user_documents_document_id` (`document_id`),
  KEY `IX_user_documents_order_id` (`order_id`),
  KEY `IX_user_documents_user_id` (`user_id`),
  CONSTRAINT `FK_user_documents_documents_document_id` FOREIGN KEY (`document_id`) REFERENCES `documents` (`id`) ON DELETE CASCADE,
  CONSTRAINT `FK_user_documents_user_order_order_id` FOREIGN KEY (`order_id`) REFERENCES `user_order` (`id`) ON DELETE CASCADE,
  CONSTRAINT `FK_user_documents_user_user_id` FOREIGN KEY (`user_id`) REFERENCES `user` (`id`) ON DELETE CASCADE
) ENGINE=InnoDB AUTO_INCREMENT=110 DEFAULT CHARSET=utf8mb4 COLLATE=utf8mb4_0900_ai_ci;
/*!40101 SET character_set_client = @saved_cs_client */;

--
-- Dumping data for table `user_documents`
--

LOCK TABLES `user_documents` WRITE;
/*!40000 ALTER TABLE `user_documents` DISABLE KEYS */;
INSERT INTO `user_documents` VALUES (7,9,3,1,1,7,NULL,NULL,'2022-03-31 07:44:21.646302','2022-03-31 07:44:21.646303',NULL,NULL),(11,12,2,1,1,12,NULL,NULL,'2022-04-06 14:26:02.284379','2022-04-06 14:26:02.284380',NULL,NULL),(12,12,1,1,1,12,NULL,NULL,'2022-04-06 14:26:02.338162','2022-04-06 14:26:02.338163',NULL,NULL),(17,24,10,1,1,27,NULL,NULL,'2022-04-12 12:35:35.154380','2022-04-12 12:35:35.154381',NULL,NULL),(18,25,9,1,1,28,NULL,NULL,'2022-04-13 07:16:19.285899','2022-04-13 07:16:19.285900',NULL,NULL),(19,8,15,1,1,29,NULL,NULL,'2022-04-15 15:48:31.645845','2022-04-15 15:48:31.645846',NULL,NULL),(20,4,15,1,1,29,NULL,NULL,'2022-04-15 15:48:31.645845','2022-04-15 15:48:31.645845',NULL,NULL),(21,5,15,1,1,29,NULL,NULL,'2022-04-15 15:48:31.645845','2022-04-15 15:48:31.645845',NULL,NULL),(22,4,15,1,1,28,NULL,NULL,'2022-04-15 15:48:31.645845','2022-04-15 15:48:31.645845',NULL,NULL),(23,23,15,1,1,31,NULL,NULL,'2022-04-22 06:25:39.304777','2022-04-22 06:25:39.304777','(MOU) Memorandum of Understanding (copy 1)',NULL),(24,23,17,1,1,32,NULL,NULL,'2022-04-22 10:34:12.696651','2022-04-22 10:34:12.696652',NULL,NULL),(25,23,18,1,1,33,NULL,NULL,'2022-04-22 11:00:11.765885','2022-04-22 11:00:11.765885',NULL,NULL),(26,23,18,1,1,33,NULL,NULL,'2022-04-22 11:00:14.488008','2022-04-22 11:00:14.488009',NULL,NULL),(27,23,19,1,1,34,NULL,NULL,'2022-04-22 11:28:21.858599','2022-04-22 11:28:21.858599',NULL,NULL),(28,23,19,1,1,34,NULL,NULL,'2022-04-22 11:28:24.337948','2022-04-22 11:28:24.337948',NULL,NULL),(29,23,20,1,1,35,NULL,NULL,'2022-04-22 11:46:05.597404','2022-04-22 11:46:05.597404',NULL,NULL),(30,23,21,1,1,36,NULL,NULL,'2022-04-22 12:35:24.096525','2022-04-22 12:35:24.096525',NULL,NULL),(31,23,22,1,1,39,NULL,NULL,'2022-04-22 13:13:38.470034','2022-04-22 13:13:38.470034',NULL,NULL),(32,23,23,1,1,41,NULL,NULL,'2022-04-22 13:17:59.672584','2022-04-22 13:17:59.672585',NULL,NULL),(33,23,24,1,1,43,NULL,NULL,'2022-04-22 14:08:29.332192','2022-04-22 14:08:29.332192',NULL,NULL),(34,23,25,1,1,47,NULL,NULL,'2022-04-23 06:23:23.135325','2022-04-23 06:23:23.135325',NULL,NULL),(35,4,15,1,1,52,NULL,NULL,'2022-04-23 06:36:00.008536','2022-04-23 06:36:00.056805','santosh',NULL),(36,23,26,1,1,54,NULL,NULL,'2022-04-23 06:51:20.274299','2022-04-23 06:51:20.274299',NULL,NULL),(37,23,27,1,1,56,NULL,NULL,'2022-04-23 08:10:53.247133','2022-04-23 08:10:53.247133',NULL,NULL),(38,23,28,1,1,58,NULL,NULL,'2022-04-23 08:20:29.057900','2022-04-23 08:20:29.057900',NULL,NULL),(39,23,29,1,1,59,NULL,NULL,'2022-04-23 09:52:03.876112','2022-04-23 09:52:03.876112',NULL,NULL),(40,23,30,1,1,61,NULL,NULL,'2022-04-23 10:06:48.876369','2022-04-23 10:06:48.876369',NULL,NULL),(41,23,31,1,1,63,NULL,NULL,'2022-04-23 10:13:24.320169','2022-04-23 10:13:24.320170',NULL,NULL),(42,23,31,1,1,64,NULL,NULL,'2022-04-23 10:24:37.948882','2022-04-23 10:24:37.948882','armandocs',NULL),(43,23,32,1,1,65,NULL,NULL,'2022-04-23 10:30:09.013352','2022-04-23 10:30:09.013352',NULL,NULL),(44,23,32,1,1,66,NULL,NULL,'2022-04-23 10:32:41.607962','2022-04-23 10:32:41.607962','familydocs2',NULL),(45,23,33,1,1,67,NULL,NULL,'2022-04-23 10:38:43.917555','2022-04-23 10:38:43.917555',NULL,NULL),(46,23,34,1,1,69,NULL,NULL,'2022-04-23 11:07:19.808127','2022-04-23 11:07:19.808127',NULL,NULL),(47,23,34,1,1,70,NULL,NULL,'2022-04-23 11:09:13.248425','2022-04-23 11:09:13.248425','product2repeat',NULL),(48,23,35,1,1,70,NULL,NULL,'2022-04-23 11:09:16.960854','2022-04-23 11:09:16.960854',NULL,NULL),(49,23,36,1,1,71,NULL,NULL,'2022-04-23 11:14:30.457965','2022-04-23 11:14:30.457965',NULL,NULL),(50,23,36,1,1,72,NULL,NULL,'2022-04-23 11:16:26.184627','2022-04-23 11:16:26.184627','personal1',NULL),(51,23,37,1,1,72,NULL,NULL,'2022-04-23 11:16:30.131661','2022-04-23 11:16:30.131661',NULL,NULL),(52,23,38,1,1,73,NULL,NULL,'2022-04-23 11:21:50.352258','2022-04-23 11:21:50.352258',NULL,NULL),(53,23,39,1,1,74,NULL,NULL,'2022-04-23 11:33:00.942022','2022-04-23 11:33:00.942022',NULL,NULL),(54,23,40,1,1,75,NULL,NULL,'2022-04-23 11:36:46.301521','2022-04-23 11:36:46.301521',NULL,NULL),(55,23,37,1,1,75,NULL,NULL,'2022-04-23 11:36:50.362419','2022-04-23 11:36:50.362419','personal3',NULL),(56,23,41,1,1,76,NULL,NULL,'2022-04-23 11:45:40.397880','2022-04-23 11:45:40.397880',NULL,NULL),(57,23,42,1,1,77,NULL,NULL,'2022-04-23 11:48:27.928380','2022-04-23 11:48:27.928381',NULL,NULL),(58,23,43,1,1,78,NULL,NULL,'2022-04-23 11:50:26.942422','2022-04-23 11:50:26.942422',NULL,NULL),(59,23,44,1,1,78,NULL,NULL,'2022-04-23 11:50:30.782907','2022-04-23 11:50:30.782907',NULL,NULL),(60,23,45,1,1,79,NULL,NULL,'2022-04-23 11:52:36.934287','2022-04-23 11:52:36.934287',NULL,NULL),(61,23,44,1,1,79,NULL,NULL,'2022-04-23 11:52:40.884873','2022-04-23 11:52:40.884873','hr4edit',NULL),(62,5,15,1,1,82,NULL,NULL,'2022-04-23 12:52:16.596884','2022-04-23 12:52:16.596884','New Doc',NULL),(63,5,15,1,1,83,NULL,NULL,'2022-04-23 12:54:53.680756','2022-04-23 12:54:53.680756','test repeat order',NULL),(64,23,47,1,1,84,NULL,NULL,'2022-04-23 12:56:03.455370','2022-04-23 12:56:03.455370',NULL,NULL),(65,23,47,1,1,85,NULL,NULL,'2022-04-23 12:58:53.018952','2022-04-23 12:58:53.018952','h4',NULL),(66,23,46,1,1,86,NULL,NULL,'2022-04-25 06:47:04.561793','2022-04-25 06:47:04.561794','hr66',NULL),(67,23,46,1,1,87,NULL,NULL,'2022-04-25 07:03:42.529452','2022-04-25 07:03:42.529452','hr66',NULL),(68,23,48,1,1,88,NULL,NULL,'2022-04-25 07:54:20.345476','2022-04-25 07:54:20.345476',NULL,NULL),(69,23,49,1,1,89,NULL,NULL,'2022-04-25 08:03:21.758513','2022-04-25 08:03:21.758513',NULL,NULL),(70,23,49,1,1,90,NULL,NULL,'2022-04-25 08:06:03.254901','2022-04-25 08:06:03.254901','testingDoc2',NULL),(71,23,51,1,1,91,NULL,NULL,'2022-04-25 09:44:12.392131','2022-04-25 09:44:12.392131',NULL,0),(72,5,47,1,1,97,NULL,NULL,'2022-04-25 10:05:36.519989','2022-04-25 10:05:36.519989','hr8',1),(73,5,15,1,1,97,NULL,NULL,'2022-04-25 10:05:40.394755','2022-04-25 10:05:40.394755','santosh',1),(74,23,51,1,1,103,NULL,NULL,'2022-04-25 10:24:33.613046','2022-04-25 10:24:33.656982','document11',0),(75,23,52,1,1,104,NULL,NULL,'2022-04-25 10:39:09.878580','2022-04-25 10:39:09.878580',NULL,0),(76,23,52,1,1,105,NULL,NULL,'2022-04-25 10:40:18.627985','2022-04-25 10:40:18.627985','testingrepeat',0),(77,23,53,1,1,107,NULL,NULL,'2022-04-25 19:36:19.847194','2022-04-25 19:36:19.847194',NULL,0),(78,23,53,1,1,108,NULL,NULL,'2022-04-25 19:37:24.006003','2022-04-25 19:37:24.006003','testbusiness1',0),(79,23,53,1,1,109,NULL,NULL,'2022-04-25 19:44:18.001473','2022-04-25 19:44:18.001473','testbusiness3',0),(80,23,54,1,1,110,NULL,NULL,'2022-04-26 05:34:07.603080','2022-04-26 05:34:07.603080',NULL,0),(81,23,54,1,1,111,NULL,NULL,'2022-04-26 05:35:04.090947','2022-04-26 05:35:04.090947','realstate1',0),(82,23,54,1,1,112,NULL,NULL,'2022-04-26 05:39:51.840488','2022-04-26 05:39:51.840489','realstate2',0),(83,23,53,1,1,112,NULL,NULL,'2022-04-26 05:39:51.908584','2022-04-26 05:39:51.908585','testbusiness4',0),(84,23,53,1,1,113,NULL,NULL,'2022-04-26 05:56:50.624288','2022-04-26 05:56:50.624288','testbusiness54',0),(85,23,55,1,1,114,NULL,NULL,'2022-04-26 06:14:13.827088','2022-04-26 06:14:13.827089',NULL,0),(86,39,51,1,1,115,NULL,NULL,'2022-04-26 07:54:51.515066','2022-04-26 07:54:51.515067','document11',0),(87,39,51,1,1,116,NULL,NULL,'2022-04-26 07:57:25.438313','2022-04-26 07:57:25.438314','document12',1),(88,41,51,1,1,117,1,'https://document-blockchain.s3.ap-south-1.amazonaws.com/substorage/Documentstorage/bba69cb6-57c4-4e00-8265-208fb49e6a8d.pdf','2022-04-26 08:23:56.775220','2022-04-26 08:23:56.775221',NULL,1),(89,40,51,1,1,118,NULL,NULL,'2022-04-26 08:36:32.769638','2022-04-26 08:36:32.769639',NULL,0),(90,40,55,1,1,119,1,'https://document-blockchain.s3.ap-south-1.amazonaws.com/substorage/Documentstorage/9de0d214-f4d8-450d-9660-c9ce8e73c817.pdf','2022-04-26 08:40:41.148296','2022-04-26 08:40:41.148297',NULL,0),(91,40,51,1,1,120,NULL,NULL,'2022-04-26 09:00:48.874065','2022-04-26 09:00:48.874066','document15',0),(92,23,53,1,1,121,NULL,NULL,'2022-04-26 09:07:55.745156','2022-04-26 09:07:55.745156','testbusiness67',0),(93,40,53,1,1,122,NULL,NULL,'2022-04-26 09:23:15.865925','2022-04-26 09:23:15.865925',NULL,0),(94,23,55,1,1,123,NULL,NULL,'2022-04-26 09:27:34.507231','2022-04-26 09:27:34.507231','h456',0),(95,40,53,1,1,124,NULL,NULL,'2022-04-26 09:28:04.153727','2022-04-26 09:28:04.153728','Repeat of testbusiness',1),(96,24,51,1,1,125,NULL,NULL,'2022-04-26 14:17:26.598851','2022-04-26 14:17:26.598852',NULL,0),(97,23,55,1,1,126,NULL,NULL,'2022-04-27 09:41:21.834961','2022-04-27 09:41:21.834962','h4556',0),(98,23,53,1,1,127,NULL,NULL,'2022-04-27 14:18:31.547669','2022-04-27 14:18:31.547670','testbusiness22',1),(99,46,15,1,1,128,NULL,NULL,'2022-04-27 17:51:01.088158','2022-04-27 17:51:01.088159','(MOU) Memorandum of Understanding2',0),(100,46,15,1,1,129,NULL,NULL,'2022-04-27 17:53:38.807063','2022-04-27 17:53:38.807063','(MOU) Memorandum of Understanding 2',0),(101,46,15,1,1,130,NULL,NULL,'2022-04-27 17:54:24.995013','2022-04-27 17:54:24.995013','(MOU) Memorandum of Understanding 3',1),(102,8,15,1,1,131,NULL,NULL,'2022-04-27 18:52:28.567460','2022-04-27 18:52:28.567460','(MOU) Memorandum of Understanding 2',0),(103,12,53,1,1,132,NULL,NULL,'2022-04-28 14:21:53.076089','2022-04-28 14:21:53.076090',NULL,1),(104,8,54,1,1,133,NULL,NULL,'2022-04-28 14:40:36.536895','2022-04-28 14:40:36.536895','realstate2',0),(105,24,15,1,1,143,NULL,NULL,'2022-04-29 15:11:12.130197','2022-04-29 15:11:12.130198',NULL,0),(106,24,15,1,1,144,NULL,NULL,'2022-04-29 15:23:10.801810','2022-04-29 15:23:10.801811','(MOU) Memorandum of Understanding1',1),(107,54,15,1,1,146,1,'https://document-blockchain.s3.ap-south-1.amazonaws.com/substorage/Documentstorage/47fef712-86a1-445e-b6ad-22c8b41c381d.pdf','2022-04-29 15:30:58.548286','2022-04-29 15:30:58.548287',NULL,1),(108,8,15,1,1,147,NULL,NULL,'2022-04-29 16:11:07.988971','2022-04-29 16:11:07.988972','(MOU) Memorandum of Understanding 3',0),(109,8,57,1,1,148,NULL,NULL,'2022-04-30 02:51:15.390960','2022-04-30 02:51:15.390961',NULL,1);
/*!40000 ALTER TABLE `user_documents` ENABLE KEYS */;
UNLOCK TABLES;

--
-- Table structure for table `user_order`
--

DROP TABLE IF EXISTS `user_order`;
/*!40101 SET @saved_cs_client     = @@character_set_client */;
/*!50503 SET character_set_client = utf8mb4 */;
CREATE TABLE `user_order` (
  `id` bigint NOT NULL AUTO_INCREMENT,
  `user_id` bigint NOT NULL,
  `order_amount` decimal(16,4) NOT NULL,
  `updated_date` datetime(6) NOT NULL,
  `order_status` longtext CHARACTER SET utf8mb4 COLLATE utf8mb4_0900_ai_ci,
  `created_date` datetime(6) NOT NULL,
  PRIMARY KEY (`id`),
  KEY `IX_user_order_user_id` (`user_id`),
  CONSTRAINT `FK_user_order_user_user_id` FOREIGN KEY (`user_id`) REFERENCES `user` (`id`) ON DELETE CASCADE
) ENGINE=InnoDB AUTO_INCREMENT=149 DEFAULT CHARSET=utf8mb4 COLLATE=utf8mb4_0900_ai_ci;
/*!40101 SET character_set_client = @saved_cs_client */;

--
-- Dumping data for table `user_order`
--

LOCK TABLES `user_order` WRITE;
/*!40000 ALTER TABLE `user_order` DISABLE KEYS */;
INSERT INTO `user_order` VALUES (2,5,19.0000,'0001-01-01 00:00:00.000000','succeeded','2022-03-30 07:20:29.890467'),(3,5,21.0000,'0001-01-01 00:00:00.000000','succeeded','2022-03-30 07:29:08.508281'),(4,5,42.0000,'0001-01-01 00:00:00.000000','succeeded','2022-03-30 08:05:59.482124'),(6,9,32.0000,'0001-01-01 00:00:00.000000','Payment Inititated','2022-03-31 07:43:06.660974'),(7,9,32.0000,'0001-01-01 00:00:00.000000','succeeded','2022-03-31 07:44:20.700190'),(8,8,12.3000,'0001-01-01 00:00:00.000000','Your card was declined. Your request was in test mode, but used a non test (live) card. For a list of valid test cards, visit: https://stripe.com/docs/testing.','2022-03-31 14:06:23.088995'),(10,5,19.0000,'0001-01-01 00:00:00.000000','succeeded','2022-04-05 10:41:19.445617'),(12,12,33.3000,'0001-01-01 00:00:00.000000','succeeded','2022-04-06 14:26:00.780230'),(16,5,6.0000,'0001-01-01 00:00:00.000000','succeeded','2022-04-11 04:22:09.868572'),(17,4,12.3000,'0001-01-01 00:00:00.000000','No such token: \'tok_1KnMoRBGfTZXz1kcm5FN7HqQ\'; a similar object exists in test mode, but a live mode key was used to make this request.','2022-04-11 12:57:48.252784'),(18,4,12.3000,'0001-01-01 00:00:00.000000','No such token: \'tok_1KnMozBGfTZXz1kcPxhTUKaW\'; a similar object exists in test mode, but a live mode key was used to make this request.','2022-04-11 12:58:21.842670'),(19,4,12.3000,'0001-01-01 00:00:00.000000','No such token: \'tok_1KnMrHBGfTZXz1kcXDFdPeSY\'; a similar object exists in test mode, but a live mode key was used to make this request.','2022-04-11 13:00:43.445689'),(20,4,12.3000,'0001-01-01 00:00:00.000000','Your card has expired.','2022-04-11 13:21:54.341160'),(21,4,12.3000,'0001-01-01 00:00:00.000000','Your card number is incorrect.','2022-04-11 13:30:35.110136'),(22,21,12.0000,'0001-01-01 00:00:00.000000','Payment Inititated','2022-04-12 06:42:19.740695'),(23,24,2.0000,'0001-01-01 00:00:00.000000','Payment Inititated','2022-04-12 12:04:14.885982'),(24,24,2.0000,'0001-01-01 00:00:00.000000','No such token: \'tok_1KniSoBGfTZXz1kc2k5ybYPY\'; a similar object exists in live mode, but a test mode key was used to make this request.','2022-04-12 12:04:54.493951'),(25,24,2.0000,'0001-01-01 00:00:00.000000','No such token: \'tok_1KniZ4BGfTZXz1kcJaH479lb\'; a similar object exists in live mode, but a test mode key was used to make this request.','2022-04-12 12:11:23.101513'),(26,24,2.0000,'0001-01-01 00:00:00.000000','No such token: \'tok_1KnibJBGfTZXz1kcu5PuKkVV\'; a similar object exists in live mode, but a test mode key was used to make this request.','2022-04-12 12:13:42.593006'),(27,24,2.0000,'0001-01-01 00:00:00.000000','succeeded','2022-04-12 12:35:32.860763'),(28,25,12.0000,'0001-01-01 00:00:00.000000','succeeded','2022-04-13 07:16:17.730068'),(29,8,2.0000,'0001-01-01 00:00:00.000000','succeeded','2022-04-15 15:48:29.309803'),(30,5,1.0000,'0001-01-01 00:00:00.000000','Must provide source or customer.','2022-04-21 12:23:20.159100'),(31,23,2.0000,'0001-01-01 00:00:00.000000','succeeded','2022-04-22 06:25:33.190282'),(32,23,2.0000,'0001-01-01 00:00:00.000000','succeeded','2022-04-22 10:34:06.456201'),(33,23,2.0000,'0001-01-01 00:00:00.000000','succeeded','2022-04-22 11:00:05.733596'),(34,23,4.0000,'0001-01-01 00:00:00.000000','succeeded','2022-04-22 11:28:15.024041'),(35,23,2.0000,'0001-01-01 00:00:00.000000','succeeded','2022-04-22 11:46:00.187603'),(36,23,2.0000,'0001-01-01 00:00:00.000000','succeeded','2022-04-22 12:35:18.300513'),(37,23,1.0000,'0001-01-01 00:00:00.000000','succeeded','2022-04-22 13:00:49.988052'),(38,23,1.0000,'0001-01-01 00:00:00.000000','succeeded','2022-04-22 13:08:05.975864'),(39,23,3.0000,'0001-01-01 00:00:00.000000','succeeded','2022-04-22 13:13:32.887883'),(40,23,2.0000,'0001-01-01 00:00:00.000000','succeeded','2022-04-22 13:14:47.819978'),(41,23,7.0000,'0001-01-01 00:00:00.000000','succeeded','2022-04-22 13:17:54.165242'),(42,23,2.0000,'0001-01-01 00:00:00.000000','succeeded','2022-04-22 13:20:07.220615'),(43,23,3.0000,'0001-01-01 00:00:00.000000','succeeded','2022-04-22 14:08:23.318519'),(44,23,1.0000,'0001-01-01 00:00:00.000000','succeeded','2022-04-22 14:12:19.942436'),(45,5,1.0000,'0001-01-01 00:00:00.000000','succeeded','2022-04-23 06:04:15.707218'),(46,23,2.0000,'0001-01-01 00:00:00.000000','Payment Inititated','2022-04-23 06:21:04.521559'),(47,23,2.0000,'0001-01-01 00:00:00.000000','succeeded','2022-04-23 06:23:17.814686'),(48,4,1.0000,'0001-01-01 00:00:00.000000','Payment Inititated','2022-04-23 06:24:41.629541'),(49,4,1.0000,'0001-01-01 00:00:00.000000','Payment Inititated','2022-04-23 06:27:09.941830'),(50,4,1.0000,'0001-01-01 00:00:00.000000','Payment Inititated','2022-04-23 06:29:01.810670'),(51,4,1.0000,'0001-01-01 00:00:00.000000','You cannot use a Stripe token more than once: tok_1KrcNABGfTZXz1kckSJ3xCUh.','2022-04-23 06:33:12.512752'),(52,4,1.0000,'0001-01-01 00:00:00.000000','succeeded','2022-04-23 06:35:10.767755'),(53,4,1.0000,'0001-01-01 00:00:00.000000','succeeded','2022-04-23 06:48:00.489286'),(54,23,2.0000,'0001-01-01 00:00:00.000000','succeeded','2022-04-23 06:51:14.912969'),(55,23,1.0000,'0001-01-01 00:00:00.000000','succeeded','2022-04-23 06:55:28.719891'),(56,23,2.0000,'0001-01-01 00:00:00.000000','succeeded','2022-04-23 08:10:47.396603'),(57,23,1.0000,'0001-01-01 00:00:00.000000','succeeded','2022-04-23 08:12:26.038171'),(58,23,4.0000,'0001-01-01 00:00:00.000000','succeeded','2022-04-23 08:20:23.653209'),(59,23,3.0000,'0001-01-01 00:00:00.000000','succeeded','2022-04-23 09:51:58.061135'),(60,23,2.0000,'0001-01-01 00:00:00.000000','succeeded','2022-04-23 09:53:16.254942'),(61,23,4.0000,'0001-01-01 00:00:00.000000','succeeded','2022-04-23 10:06:43.581360'),(62,23,4.0000,'0001-01-01 00:00:00.000000','Payment Inititated','2022-04-23 10:06:45.012125'),(63,23,2.0000,'0001-01-01 00:00:00.000000','succeeded','2022-04-23 10:13:18.847012'),(64,23,1.0000,'0001-01-01 00:00:00.000000','succeeded','2022-04-23 10:24:32.442088'),(65,23,3.0000,'0001-01-01 00:00:00.000000','succeeded','2022-04-23 10:30:02.794499'),(66,23,1.0000,'0001-01-01 00:00:00.000000','succeeded','2022-04-23 10:32:36.000180'),(67,23,3.0000,'0001-01-01 00:00:00.000000','succeeded','2022-04-23 10:38:38.008490'),(68,23,4.0000,'0001-01-01 00:00:00.000000','Payment Inititated','2022-04-23 10:59:26.388313'),(69,23,4.0000,'0001-01-01 00:00:00.000000','succeeded','2022-04-23 11:07:14.433176'),(70,23,6.0000,'0001-01-01 00:00:00.000000','succeeded','2022-04-23 11:09:07.916825'),(71,23,5.0000,'0001-01-01 00:00:00.000000','succeeded','2022-04-23 11:14:24.726913'),(72,23,7.0000,'0001-01-01 00:00:00.000000','succeeded','2022-04-23 11:16:20.593637'),(73,23,4.0000,'0001-01-01 00:00:00.000000','succeeded','2022-04-23 11:21:44.692809'),(74,23,4.0000,'0001-01-01 00:00:00.000000','succeeded','2022-04-23 11:32:55.079532'),(75,23,6.0000,'0001-01-01 00:00:00.000000','succeeded','2022-04-23 11:36:40.683272'),(76,23,3.0000,'0001-01-01 00:00:00.000000','succeeded','2022-04-23 11:45:34.900734'),(77,23,3.0000,'0001-01-01 00:00:00.000000','succeeded','2022-04-23 11:48:22.378217'),(78,23,7.0000,'0001-01-01 00:00:00.000000','succeeded','2022-04-23 11:50:21.526918'),(79,23,5.0000,'0001-01-01 00:00:00.000000','succeeded','2022-04-23 11:52:31.491303'),(80,5,1.0000,'0001-01-01 00:00:00.000000','succeeded','2022-04-23 12:33:20.103456'),(81,5,1.0000,'0001-01-01 00:00:00.000000','succeeded','2022-04-23 12:49:18.074425'),(82,5,1.0000,'0001-01-01 00:00:00.000000','succeeded','2022-04-23 12:52:11.157513'),(83,5,1.0000,'0001-01-01 00:00:00.000000','succeeded','2022-04-23 12:54:48.227877'),(84,23,5.0000,'0001-01-01 00:00:00.000000','succeeded','2022-04-23 12:55:58.413504'),(85,23,2.0000,'0001-01-01 00:00:00.000000','succeeded','2022-04-23 12:58:47.638132'),(86,23,3.0000,'0001-01-01 00:00:00.000000','succeeded','2022-04-25 06:46:58.303759'),(87,23,2.0000,'0001-01-01 00:00:00.000000','succeeded','2022-04-25 07:03:36.763095'),(88,23,5.0000,'0001-01-01 00:00:00.000000','succeeded','2022-04-25 07:54:14.033994'),(89,23,3.0000,'0001-01-01 00:00:00.000000','succeeded','2022-04-25 08:03:15.723357'),(90,23,1.0000,'0001-01-01 00:00:00.000000','succeeded','2022-04-25 08:05:57.325158'),(91,23,2.0000,'0001-01-01 00:00:00.000000','succeeded','2022-04-25 09:44:05.910574'),(92,23,1.0000,'0001-01-01 00:00:00.000000','Payment Inititated','2022-04-25 09:45:20.739042'),(93,23,1.0000,'0001-01-01 00:00:00.000000','Payment Inititated','2022-04-25 09:46:34.750655'),(94,23,1.0000,'0001-01-01 00:00:00.000000','Payment Inititated','2022-04-25 09:54:56.416316'),(95,23,10.0000,'0001-01-01 00:00:00.000000','You cannot use a Stripe token more than once: tok_1KsOdABGfTZXz1kcXFNYx8iM.','2022-04-25 10:01:25.253631'),(96,23,1.0000,'0001-01-01 00:00:00.000000','Payment Inititated','2022-04-25 10:03:34.843525'),(97,5,6.0000,'0001-01-01 00:00:00.000000','succeeded','2022-04-25 10:05:30.264218'),(98,23,10.0000,'0001-01-01 00:00:00.000000','Payment Inititated','2022-04-25 10:06:37.396640'),(99,5,1.0000,'0001-01-01 00:00:00.000000','Payment Inititated','2022-04-25 10:09:07.498408'),(100,23,10.0000,'0001-01-01 00:00:00.000000','You cannot use a Stripe token more than once: tok_1KsOqsBGfTZXz1kcwqPFRbkW.','2022-04-25 10:10:26.813485'),(101,23,10.0000,'0001-01-01 00:00:00.000000','Payment Inititated','2022-04-25 10:15:11.969155'),(102,23,10.0000,'0001-01-01 00:00:00.000000','Payment Inititated','2022-04-25 10:20:29.558316'),(103,23,10.0000,'0001-01-01 00:00:00.000000','succeeded','2022-04-25 10:23:51.289476'),(104,23,6.0000,'0001-01-01 00:00:00.000000','succeeded','2022-04-25 10:39:03.594950'),(105,23,2.0000,'0001-01-01 00:00:00.000000','succeeded','2022-04-25 10:40:12.933645'),(106,24,2.0000,'0001-01-01 00:00:00.000000','No such token: \'tok_1KsWzWBGfTZXz1kchgUplpth\'; a similar object exists in live mode, but a test mode key was used to make this request.','2022-04-25 18:50:34.440960'),(107,23,4.0000,'0001-01-01 00:00:00.000000','succeeded','2022-04-25 19:36:13.281612'),(108,23,2.0000,'0001-01-01 00:00:00.000000','succeeded','2022-04-25 19:37:18.143023'),(109,23,2.0000,'0001-01-01 00:00:00.000000','succeeded','2022-04-25 19:44:11.446150'),(110,23,4.0000,'0001-01-01 00:00:00.000000','succeeded','2022-04-26 05:33:59.495715'),(111,23,2.0000,'0001-01-01 00:00:00.000000','succeeded','2022-04-26 05:34:58.204280'),(112,23,4.0000,'0001-01-01 00:00:00.000000','succeeded','2022-04-26 05:39:50.193000'),(113,23,2.0000,'0001-01-01 00:00:00.000000','succeeded','2022-04-26 05:56:49.435420'),(114,23,4.0000,'0001-01-01 00:00:00.000000','succeeded','2022-04-26 06:14:12.652897'),(115,39,2.0000,'0001-01-01 00:00:00.000000','succeeded','2022-04-26 07:54:50.004019'),(116,39,1.0000,'0001-01-01 00:00:00.000000','succeeded','2022-04-26 07:57:24.313311'),(117,41,2.0000,'0001-01-01 00:00:00.000000','succeeded','2022-04-26 08:23:55.536015'),(118,40,2.0000,'0001-01-01 00:00:00.000000','succeeded','2022-04-26 08:36:31.534784'),(119,40,4.0000,'0001-01-01 00:00:00.000000','succeeded','2022-04-26 08:40:39.919828'),(120,40,1.0000,'0001-01-01 00:00:00.000000','succeeded','2022-04-26 09:00:47.531281'),(121,23,2.0000,'0001-01-01 00:00:00.000000','succeeded','2022-04-26 09:07:54.470817'),(122,40,4.0000,'0001-01-01 00:00:00.000000','succeeded','2022-04-26 09:23:14.694127'),(123,23,1.0000,'0001-01-01 00:00:00.000000','succeeded','2022-04-26 09:27:33.250646'),(124,40,2.0000,'0001-01-01 00:00:00.000000','succeeded','2022-04-26 09:28:03.056020'),(125,24,2.0000,'0001-01-01 00:00:00.000000','succeeded','2022-04-26 14:17:24.997916'),(126,23,1.0000,'0001-01-01 00:00:00.000000','succeeded','2022-04-27 09:41:20.580986'),(127,23,2.0000,'0001-01-01 00:00:00.000000','succeeded','2022-04-27 14:18:29.956660'),(128,46,2.0000,'0001-01-01 00:00:00.000000','succeeded','2022-04-27 17:50:59.836931'),(129,46,1.0000,'0001-01-01 00:00:00.000000','succeeded','2022-04-27 17:53:37.569370'),(130,46,1.0000,'0001-01-01 00:00:00.000000','succeeded','2022-04-27 17:54:23.961021'),(131,8,1.0000,'0001-01-01 00:00:00.000000','succeeded','2022-04-27 18:52:27.135101'),(132,12,4.0000,'0001-01-01 00:00:00.000000','succeeded','2022-04-28 14:21:51.373623'),(133,8,4.0000,'0001-01-01 00:00:00.000000','succeeded','2022-04-28 14:40:35.320101'),(134,24,1.0000,'0001-01-01 00:00:00.000000','No such token: \'tok_1Ktv80BGfTZXz1kcMEQJtca7\'; a similar object exists in test mode, but a live mode key was used to make this request.','2022-04-29 14:49:04.804731'),(135,24,1.0000,'0001-01-01 00:00:00.000000','No such token: \'tok_1Ktv9XBGfTZXz1kcto25bqu0\'; a similar object exists in test mode, but a live mode key was used to make this request.','2022-04-29 14:50:40.128950'),(136,24,1.0000,'0001-01-01 00:00:00.000000','No such token: \'tok_1KtvADBGfTZXz1kcgPxHEW2Y\'; a similar object exists in test mode, but a live mode key was used to make this request.','2022-04-29 14:51:21.312758'),(137,24,1.0000,'0001-01-01 00:00:00.000000','Your card does not support this type of purchase.','2022-04-29 15:00:41.883775'),(138,24,1.0000,'0001-01-01 00:00:00.000000','Your card does not support this type of purchase.','2022-04-29 15:01:56.029034'),(139,24,1.0000,'0001-01-01 00:00:00.000000','Your card does not support this type of purchase.','2022-04-29 15:03:12.513807'),(140,24,2.0000,'0001-01-01 00:00:00.000000','Your card does not support this type of purchase.','2022-04-29 15:04:34.460825'),(141,24,2.0000,'0001-01-01 00:00:00.000000','Your card does not support this type of purchase.','2022-04-29 15:06:00.395834'),(142,4,2.0000,'0001-01-01 00:00:00.000000','Your card number is incorrect.','2022-04-29 15:06:10.750317'),(143,24,2.0000,'0001-01-01 00:00:00.000000','succeeded','2022-04-29 15:11:09.816429'),(144,24,1.0000,'0001-01-01 00:00:00.000000','succeeded','2022-04-29 15:23:08.985027'),(145,54,2.0000,'0001-01-01 00:00:00.000000','Your card was declined.','2022-04-29 15:28:35.034603'),(146,54,2.0000,'0001-01-01 00:00:00.000000','succeeded','2022-04-29 15:30:56.847642'),(147,8,1.0000,'0001-01-01 00:00:00.000000','succeeded','2022-04-29 16:11:06.320080'),(148,8,0.5000,'0001-01-01 00:00:00.000000','succeeded','2022-04-30 02:51:13.716925');
/*!40000 ALTER TABLE `user_order` ENABLE KEYS */;
UNLOCK TABLES;

--
-- Table structure for table `user_role`
--

DROP TABLE IF EXISTS `user_role`;
/*!40101 SET @saved_cs_client     = @@character_set_client */;
/*!50503 SET character_set_client = utf8mb4 */;
CREATE TABLE `user_role` (
  `id` bigint NOT NULL AUTO_INCREMENT,
  `user_id` bigint NOT NULL,
  `role_id` bigint NOT NULL,
  PRIMARY KEY (`id`),
  KEY `IX_user_role_role_id` (`role_id`),
  KEY `IX_user_role_user_id` (`user_id`),
  CONSTRAINT `FK_user_role_role_role_id` FOREIGN KEY (`role_id`) REFERENCES `role` (`id`) ON DELETE CASCADE,
  CONSTRAINT `FK_user_role_user_user_id` FOREIGN KEY (`user_id`) REFERENCES `user` (`id`) ON DELETE CASCADE
) ENGINE=InnoDB AUTO_INCREMENT=58 DEFAULT CHARSET=utf8mb4 COLLATE=utf8mb4_0900_ai_ci;
/*!40101 SET character_set_client = @saved_cs_client */;

--
-- Dumping data for table `user_role`
--

LOCK TABLES `user_role` WRITE;
/*!40000 ALTER TABLE `user_role` DISABLE KEYS */;
INSERT INTO `user_role` VALUES (1,1,1),(4,4,2),(5,5,2),(6,6,2),(8,8,2),(9,9,2),(12,12,2),(13,13,2),(14,14,2),(15,15,2),(16,16,2),(17,17,2),(18,18,2),(19,3,1),(20,19,2),(22,21,2),(23,22,1),(24,23,2),(25,24,2),(26,25,2),(27,26,2),(28,27,2),(29,28,2),(30,29,2),(31,30,2),(32,31,2),(33,32,2),(34,33,2),(35,34,2),(36,35,2),(37,36,2),(38,37,2),(39,38,2),(40,39,2),(41,40,2),(42,41,2),(43,42,2),(44,43,2),(45,44,2),(46,45,2),(47,46,2),(48,47,2),(49,48,2),(50,49,2),(51,50,2),(52,51,2),(53,52,2),(54,53,2),(55,54,2),(56,55,2),(57,56,2);
/*!40000 ALTER TABLE `user_role` ENABLE KEYS */;
UNLOCK TABLES;
SET @@SESSION.SQL_LOG_BIN = @MYSQLDUMP_TEMP_LOG_BIN;
/*!40103 SET TIME_ZONE=@OLD_TIME_ZONE */;

/*!40101 SET SQL_MODE=@OLD_SQL_MODE */;
/*!40014 SET FOREIGN_KEY_CHECKS=@OLD_FOREIGN_KEY_CHECKS */;
/*!40014 SET UNIQUE_CHECKS=@OLD_UNIQUE_CHECKS */;
/*!40101 SET CHARACTER_SET_CLIENT=@OLD_CHARACTER_SET_CLIENT */;
/*!40101 SET CHARACTER_SET_RESULTS=@OLD_CHARACTER_SET_RESULTS */;
/*!40101 SET COLLATION_CONNECTION=@OLD_COLLATION_CONNECTION */;
/*!40111 SET SQL_NOTES=@OLD_SQL_NOTES */;

-- Dump completed on 2022-05-02 14:11:32
